event_name,team_name,team_number,alliance,position,team_match_seq,score,opp_score,qp,result,wins,draws,losses,match_total_score,match_auto_score,match_teleop_score,team_match_id,match_number,team_id,match_id,auto_scale_cube,auto_exchange_cube,auto_cross_baseline,auto_switch_cube,home_switch_cube,scale_cube,exchange_cube,no_climb,piggyback_climb,climb,assist,ground_collect_bool,support_failure,opp_switch_cube,collect_from_exchange,collect_from_portal_far,collect_from_stack,collect_from_portal_near,played_defensively,breakdown,disconnect
"PNW District Wilsonville Event","Adna Pirate Robotics",5748,red,1,1,NULL,NULL,NULL,loss,0,0,0,NULL,NULL,NULL,5348,1,4517,739,0,0,0,0,0,0,1,1,0,0,0,0,0,0,0,0,0,0,0,0,0
"PNW District Wilsonville Event",SWARM,957,red,1,1,NULL,NULL,NULL,loss,0,0,0,NULL,NULL,NULL,5349,10,738,740,0,0,0,1,1,1,0,1,0,0,0,0,0,1,0,0,0,0,0,0,0
"PNW District Wilsonville Event",Sabin-Sharks,4051,red,1,1,NULL,NULL,NULL,loss,0,0,0,NULL,NULL,NULL,5350,11,2959,741,0,0,0,0,0,0,1,1,0,0,0,0,0,0,0,0,0,0,0,0,0
"PNW District Wilsonville Event","My Favorite Team",3024,red,1,1,NULL,NULL,NULL,loss,0,0,0,NULL,NULL,NULL,5351,12,2047,742,0,0,0,0,0,1,0,1,0,0,0,0,0,0,0,0,0,0,0,0,0
"PNW District Wilsonville Event",Hotwire,2990,red,1,1,NULL,NULL,NULL,loss,0,0,0,NULL,NULL,NULL,5352,13,2014,743,0,0,0,0,2,2,2,1,0,0,0,0,0,0,0,0,0,0,0,0,0
"PNW District Wilsonville Event","Lake Monsters",2635,red,1,1,NULL,NULL,NULL,loss,0,0,0,NULL,NULL,NULL,5353,14,1766,744,0,0,0,1,0,1,0,1,0,0,0,0,0,2,0,0,0,0,0,0,0
"PNW District Wilsonville Event",Scalawags,1359,red,1,1,NULL,NULL,NULL,loss,0,0,0,NULL,NULL,NULL,5354,15,1078,745,0,0,0,0,0,0,0,1,0,0,0,0,0,0,0,0,0,0,0,0,0
"PNW District Wilsonville Event","DEEP SPACE NINERS",4110,red,1,1,NULL,NULL,NULL,loss,0,0,0,NULL,NULL,NULL,5355,16,3017,746,NULL,NULL,NULL,NULL,NULL,NULL,NULL,NULL,NULL,NULL,NULL,NULL,NULL,NULL,NULL,NULL,NULL,NULL,NULL,NULL,NULL
"PNW District Wilsonville Event","High Desert Droids",753,red,1,1,NULL,NULL,NULL,loss,0,0,0,NULL,NULL,NULL,5356,17,585,747,0,0,0,0,0,1,0,0,0,0,0,0,0,0,0,0,0,0,0,0,0
"PNW District Wilsonville Event",Shockwave,4488,red,1,1,NULL,NULL,NULL,loss,0,0,0,NULL,NULL,NULL,5357,18,3349,748,0,0,0,0,0,2,0,0,0,0,0,0,0,0,0,0,0,0,0,0,0
"PNW District Wilsonville Event","Rosemary Anderson H S/POIC",5977,red,1,1,NULL,NULL,NULL,loss,0,0,0,NULL,NULL,NULL,5358,19,4733,749,0,0,0,0,0,0,0,0,0,0,0,0,0,2,0,0,0,0,0,0,0
"PNW District Wilsonville Event",SWARM,957,red,1,1,NULL,NULL,NULL,loss,0,0,0,NULL,NULL,NULL,5359,2,738,750,1,0,0,0,1,3,3,1,0,0,0,0,0,0,0,0,0,0,0,0,0
"PNW District Wilsonville Event",LoggerBots,4127,red,1,1,NULL,NULL,NULL,loss,0,0,0,NULL,NULL,NULL,5360,20,3034,751,0,0,0,0,0,2,0,0,0,1,0,0,0,0,0,0,0,0,0,0,0
"PNW District Wilsonville Event","My Favorite Team",3024,red,1,1,NULL,NULL,NULL,loss,0,0,0,NULL,NULL,NULL,5361,21,2047,752,NULL,NULL,NULL,NULL,NULL,NULL,NULL,NULL,NULL,NULL,NULL,NULL,NULL,NULL,NULL,NULL,NULL,NULL,NULL,NULL,NULL
"PNW District Wilsonville Event",Scalawags,1359,red,1,1,NULL,NULL,NULL,loss,0,0,0,NULL,NULL,NULL,5362,22,1078,753,0,0,0,0,1,1,0,0,0,0,0,0,0,0,0,0,0,0,0,0,0
"PNW District Wilsonville Event",NerdHerd,4043,red,1,1,NULL,NULL,NULL,loss,0,0,0,NULL,NULL,NULL,5363,23,2951,754,0,0,0,1,0,3,0,0,0,0,0,0,0,0,0,0,0,0,0,0,0
"PNW District Wilsonville Event",SERT,2521,red,1,1,NULL,NULL,NULL,loss,0,0,0,NULL,NULL,NULL,5364,24,1661,755,0,0,0,0,0,0,0,0,0,1,0,0,0,1,0,0,0,0,0,0,0
"PNW District Wilsonville Event",PHRED,847,red,1,1,NULL,NULL,NULL,loss,0,0,0,NULL,NULL,NULL,5365,25,645,756,0,0,0,2,0,2,0,0,0,0,0,0,0,0,0,0,0,0,0,0,0
"PNW District Wilsonville Event",Scotbots,4132,red,1,1,NULL,NULL,NULL,loss,0,0,0,NULL,NULL,NULL,5366,26,3039,757,0,0,0,0,0,0,0,0,0,0,0,0,0,2,0,0,0,0,0,0,0
"PNW District Wilsonville Event","Error Code Xero",1425,red,1,5,NULL,NULL,NULL,loss,0,0,0,NULL,NULL,NULL,5367,27,1136,758,0,0,0,1,0,2,0,0,0,1,0,0,0,3,0,0,0,0,0,0,0
"PNW District Wilsonville Event","Rosemary Anderson H S/POIC",5977,red,1,1,NULL,NULL,NULL,loss,0,0,0,NULL,NULL,NULL,5368,28,4733,759,0,0,0,0,2,0,0,0,0,0,0,0,0,0,0,0,0,0,0,0,0
"PNW District Wilsonville Event","Cardinal Dynamics",6696,red,1,1,NULL,NULL,NULL,loss,0,0,0,NULL,NULL,NULL,5369,29,5394,760,0,0,0,0,3,0,3,0,0,0,0,0,0,0,0,0,0,0,0,0,0
"PNW District Wilsonville Event",Shockwave,4488,red,1,1,NULL,NULL,NULL,loss,0,0,0,NULL,NULL,NULL,5370,3,3349,761,0,0,0,0,0,1,1,1,0,0,0,0,0,0,0,0,0,0,0,0,0
"PNW District Wilsonville Event","Flaming Chickens",1540,red,1,1,NULL,NULL,NULL,loss,0,0,0,NULL,NULL,NULL,5371,30,1234,762,0,0,0,1,1,3,0,0,0,0,0,0,0,0,0,0,0,0,0,0,0
"PNW District Wilsonville Event","4-H Botsmiths",4309,red,1,1,NULL,NULL,NULL,loss,0,0,0,NULL,NULL,NULL,5372,31,3207,763,0,0,0,0,0,2,0,0,0,1,0,0,0,0,0,0,0,0,0,0,0
"PNW District Wilsonville Event","Aldernating Current",5295,red,1,1,NULL,NULL,NULL,loss,0,0,0,NULL,NULL,NULL,5373,32,4113,764,0,0,0,0,0,0,4,0,0,0,0,0,0,0,0,0,0,0,0,0,0
"PNW District Wilsonville Event",SERT,2521,red,1,1,NULL,NULL,NULL,loss,0,0,0,NULL,NULL,NULL,5374,33,1661,765,NULL,NULL,NULL,NULL,NULL,NULL,NULL,NULL,NULL,NULL,NULL,NULL,NULL,NULL,NULL,NULL,NULL,NULL,NULL,NULL,NULL
"PNW District Wilsonville Event",Sabin-Sharks,4051,red,1,1,NULL,NULL,NULL,loss,0,0,0,NULL,NULL,NULL,5375,34,2959,766,NULL,NULL,NULL,NULL,NULL,NULL,NULL,NULL,NULL,NULL,NULL,NULL,NULL,NULL,NULL,NULL,NULL,NULL,NULL,NULL,NULL
"PNW District Wilsonville Event","Cardinal Dynamics",6696,red,1,1,NULL,NULL,NULL,loss,0,0,0,NULL,NULL,NULL,5376,35,5394,767,0,0,0,0,2,0,4,0,0,0,0,0,0,0,0,0,0,0,0,0,0
"PNW District Wilsonville Event","4-H Botsmiths",4309,red,1,1,NULL,NULL,NULL,loss,0,0,0,NULL,NULL,NULL,5377,36,3207,768,0,0,0,0,0,1,0,0,0,1,0,0,0,0,0,0,0,0,0,0,0
"PNW District Wilsonville Event","Nerds of the North",568,red,1,1,NULL,NULL,NULL,loss,0,0,0,NULL,NULL,NULL,5378,37,448,769,0,0,0,0,0,0,0,0,0,1,0,0,0,0,0,0,0,0,0,0,0
"PNW District Wilsonville Event","Adna Pirate Robotics",5748,red,1,1,NULL,NULL,NULL,loss,0,0,0,NULL,NULL,NULL,5379,38,4517,770,0,0,0,0,0,0,1,0,0,0,0,0,0,0,0,0,0,0,0,0,0
"PNW District Wilsonville Event","River Bots",6845,red,1,1,NULL,NULL,NULL,loss,0,0,0,NULL,NULL,NULL,5380,39,5922,771,0,0,0,0,1,0,1,0,0,0,0,0,0,0,0,0,0,0,0,0,0
"PNW District Wilsonville Event","Team Mean Machine",2471,red,1,1,NULL,NULL,NULL,loss,0,0,0,NULL,NULL,NULL,5381,4,5845,772,1,0,0,0,2,3,0,1,0,0,0,0,0,0,0,0,0,0,0,0,0
"PNW District Wilsonville Event",PHRED,847,red,1,1,NULL,NULL,NULL,loss,0,0,0,NULL,NULL,NULL,5382,40,645,773,0,0,0,1,0,3,0,0,0,0,0,0,0,0,0,0,0,0,0,0,0
"PNW District Wilsonville Event","CV Robotics",955,red,1,1,NULL,NULL,NULL,loss,0,0,0,NULL,NULL,NULL,5383,41,736,774,0,0,0,0,0,0,5,0,0,0,0,0,0,0,0,0,0,0,0,0,0
"PNW District Wilsonville Event","My Favorite Team",3024,red,1,1,NULL,NULL,NULL,loss,0,0,0,NULL,NULL,NULL,5384,42,2047,775,0,0,0,0,2,0,0,0,0,0,0,0,0,0,0,0,0,0,0,0,0
"PNW District Wilsonville Event",LakerBots,5085,red,1,1,NULL,NULL,NULL,loss,0,0,0,NULL,NULL,NULL,5385,43,3904,776,0,0,0,0,1,0,8,0,0,0,0,0,0,0,0,0,0,0,0,0,0
"PNW District Wilsonville Event","Crusader Bots",2374,red,1,1,NULL,NULL,NULL,loss,0,0,0,NULL,NULL,NULL,5386,44,5754,777,0,0,0,1,0,1,0,0,0,0,0,0,0,0,0,0,0,0,0,0,0
"PNW District Wilsonville Event","Error Code Xero",1425,red,1,8,NULL,NULL,NULL,loss,0,0,0,NULL,NULL,NULL,5387,45,1136,778,0,0,0,1,0,2,1,0,0,2,0,0,0,0,0,0,0,0,0,0,0
"PNW District Wilsonville Event","High Desert Droids",753,red,1,1,NULL,NULL,NULL,loss,0,0,0,NULL,NULL,NULL,5388,46,585,779,0,0,0,0,0,0,4,0,0,0,0,0,0,0,0,0,0,0,0,0,0
"PNW District Wilsonville Event","2B Determined",7034,red,1,1,NULL,NULL,NULL,loss,0,0,0,NULL,NULL,NULL,5389,47,6111,780,0,0,0,0,1,0,0,0,0,0,0,0,0,2,0,0,0,0,0,0,0
"PNW District Wilsonville Event",LakerBots,5085,red,1,1,NULL,NULL,NULL,loss,0,0,0,NULL,NULL,NULL,5390,48,3904,781,0,0,0,0,0,0,9,0,0,0,0,0,0,0,0,0,0,0,0,0,0
"PNW District Wilsonville Event","Lake Monsters",2635,red,1,1,NULL,NULL,NULL,loss,0,0,0,NULL,NULL,NULL,5391,49,1766,782,0,0,0,1,0,4,0,0,0,0,0,0,0,0,0,0,0,0,0,0,0
"PNW District Wilsonville Event","Aldernating Current",5295,red,1,1,NULL,NULL,NULL,loss,0,0,0,NULL,NULL,NULL,5392,5,4113,783,0,0,0,0,0,0,3,1,0,0,0,0,0,0,0,0,0,0,0,0,0
"PNW District Wilsonville Event",Scotbots,4132,red,1,1,NULL,NULL,NULL,loss,0,0,0,NULL,NULL,NULL,5393,50,3039,784,0,0,0,0,0,0,0,0,0,0,0,0,0,2,0,0,0,0,0,0,0
"PNW District Wilsonville Event",SWARM,957,red,1,1,NULL,NULL,NULL,loss,0,0,0,NULL,NULL,NULL,5394,51,738,785,0,0,0,1,0,6,0,0,0,0,0,0,0,0,0,0,0,0,0,0,0
"PNW District Wilsonville Event","Flaming Chickens",1540,red,1,1,NULL,NULL,NULL,loss,0,0,0,NULL,NULL,NULL,5395,52,1234,786,0,0,0,1,0,8,0,0,0,0,0,0,0,0,0,0,0,0,0,0,0
"PNW District Wilsonville Event",AEMBOT,6443,red,1,1,NULL,NULL,NULL,loss,0,0,0,NULL,NULL,NULL,5396,53,5143,787,0,0,0,0,0,1,0,0,0,0,0,0,0,0,0,0,0,0,0,0,0
"PNW District Wilsonville Event",LoggerBots,4127,red,1,1,NULL,NULL,NULL,loss,0,0,0,NULL,NULL,NULL,5397,54,3034,788,0,0,0,0,0,0,1,0,0,0,0,0,0,0,0,0,0,0,0,0,0
"PNW District Wilsonville Event",Scotbots,4132,red,1,1,NULL,NULL,NULL,loss,0,0,0,NULL,NULL,NULL,5398,55,3039,789,NULL,NULL,NULL,NULL,NULL,NULL,NULL,NULL,NULL,NULL,NULL,NULL,NULL,NULL,NULL,NULL,NULL,NULL,NULL,NULL,NULL
"PNW District Wilsonville Event","CTEC Robotics",6445,red,1,1,NULL,NULL,NULL,loss,0,0,0,NULL,NULL,NULL,5399,56,5145,790,0,0,0,0,0,0,9,0,0,0,0,0,0,2,0,0,0,0,0,0,0
"PNW District Wilsonville Event","C.Y.B.O.R.G. Seagulls",3673,red,1,1,NULL,NULL,NULL,loss,0,0,0,NULL,NULL,NULL,5400,57,2628,791,0,0,0,0,0,0,0,0,0,1,0,0,0,2,0,0,0,0,0,0,0
"PNW District Wilsonville Event","DEEP SPACE NINERS",4110,red,1,1,NULL,NULL,NULL,loss,0,0,0,NULL,NULL,NULL,5401,58,3017,792,0,0,0,0,1,0,3,0,0,0,0,0,0,0,0,0,0,0,0,0,0
"PNW District Wilsonville Event","2B Determined",7034,red,1,1,NULL,NULL,NULL,loss,0,0,0,NULL,NULL,NULL,5402,59,6111,793,NULL,NULL,NULL,NULL,NULL,NULL,NULL,NULL,NULL,NULL,NULL,NULL,NULL,NULL,NULL,NULL,NULL,NULL,NULL,NULL,NULL
"PNW District Wilsonville Event","Spartan Robotics",997,red,1,1,NULL,NULL,NULL,loss,0,0,0,NULL,NULL,NULL,5403,6,770,794,0,0,0,0,0,3,0,1,0,0,0,0,0,0,0,0,0,0,0,0,0
"PNW District Wilsonville Event",LoggerBots,4127,red,1,1,NULL,NULL,NULL,loss,0,0,0,NULL,NULL,NULL,5404,60,3034,795,NULL,NULL,NULL,NULL,NULL,NULL,NULL,NULL,NULL,NULL,NULL,NULL,NULL,NULL,NULL,NULL,NULL,NULL,NULL,NULL,NULL
"PNW District Wilsonville Event",SERT,2521,red,1,1,NULL,NULL,NULL,loss,0,0,0,NULL,NULL,NULL,5405,61,1661,796,NULL,NULL,NULL,NULL,NULL,NULL,NULL,NULL,NULL,NULL,NULL,NULL,NULL,NULL,NULL,NULL,NULL,NULL,NULL,NULL,NULL
"PNW District Wilsonville Event","River Bots",6845,red,1,1,NULL,NULL,NULL,loss,0,0,0,NULL,NULL,NULL,5406,62,5922,797,NULL,NULL,NULL,NULL,NULL,NULL,NULL,NULL,NULL,NULL,NULL,NULL,NULL,NULL,NULL,NULL,NULL,NULL,NULL,NULL,NULL
"PNW District Wilsonville Event",Generals,3636,red,1,1,NULL,NULL,NULL,loss,0,0,0,NULL,NULL,NULL,5407,63,2592,798,NULL,NULL,NULL,NULL,NULL,NULL,NULL,NULL,NULL,NULL,NULL,NULL,NULL,NULL,NULL,NULL,NULL,NULL,NULL,NULL,NULL
"PNW District Wilsonville Event","CTEC Robotics",6445,red,1,1,NULL,NULL,NULL,loss,0,0,0,NULL,NULL,NULL,5408,64,5145,799,NULL,NULL,NULL,NULL,NULL,NULL,NULL,NULL,NULL,NULL,NULL,NULL,NULL,NULL,NULL,NULL,NULL,NULL,NULL,NULL,NULL
"PNW District Wilsonville Event","Knight Tech",5198,red,1,1,NULL,NULL,NULL,loss,0,0,0,NULL,NULL,NULL,5409,65,4017,800,NULL,NULL,NULL,NULL,NULL,NULL,NULL,NULL,NULL,NULL,NULL,NULL,NULL,NULL,NULL,NULL,NULL,NULL,NULL,NULL,NULL
"PNW District Wilsonville Event","C.Y.B.O.R.G. Seagulls",3673,red,1,1,NULL,NULL,NULL,loss,0,0,0,NULL,NULL,NULL,5410,66,2628,801,NULL,NULL,NULL,NULL,NULL,NULL,NULL,NULL,NULL,NULL,NULL,NULL,NULL,NULL,NULL,NULL,NULL,NULL,NULL,NULL,NULL
"PNW District Wilsonville Event",Hotwire,2990,red,1,1,NULL,NULL,NULL,loss,0,0,0,NULL,NULL,NULL,5411,67,2014,802,NULL,NULL,NULL,NULL,NULL,NULL,NULL,NULL,NULL,NULL,NULL,NULL,NULL,NULL,NULL,NULL,NULL,NULL,NULL,NULL,NULL
"PNW District Wilsonville Event","High Desert Droids",753,red,1,1,NULL,NULL,NULL,loss,0,0,0,NULL,NULL,NULL,5412,68,585,803,NULL,NULL,NULL,NULL,NULL,NULL,NULL,NULL,NULL,NULL,NULL,NULL,NULL,NULL,NULL,NULL,NULL,NULL,NULL,NULL,NULL
"PNW District Wilsonville Event","Rosemary Anderson H S/POIC",5977,red,1,1,NULL,NULL,NULL,loss,0,0,0,NULL,NULL,NULL,5413,69,4733,804,NULL,NULL,NULL,NULL,NULL,NULL,NULL,NULL,NULL,NULL,NULL,NULL,NULL,NULL,NULL,NULL,NULL,NULL,NULL,NULL,NULL
"PNW District Wilsonville Event","Error Code Xero",1425,red,1,2,NULL,NULL,NULL,loss,0,0,0,NULL,NULL,NULL,5414,7,1136,805,0,0,0,1,1,0,3,1,0,0,0,0,0,1,0,0,0,0,0,0,0
"PNW District Wilsonville Event","4-H Botsmiths",4309,red,1,1,NULL,NULL,NULL,loss,0,0,0,NULL,NULL,NULL,5415,70,3207,806,NULL,NULL,NULL,NULL,NULL,NULL,NULL,NULL,NULL,NULL,NULL,NULL,NULL,NULL,NULL,NULL,NULL,NULL,NULL,NULL,NULL
"PNW District Wilsonville Event","Crusader Bots",2374,red,1,1,NULL,NULL,NULL,loss,0,0,0,NULL,NULL,NULL,5416,71,5754,807,NULL,NULL,NULL,NULL,NULL,NULL,NULL,NULL,NULL,NULL,NULL,NULL,NULL,NULL,NULL,NULL,NULL,NULL,NULL,NULL,NULL
"PNW District Wilsonville Event","CV Robotics",955,red,1,1,NULL,NULL,NULL,loss,0,0,0,NULL,NULL,NULL,5417,72,736,808,NULL,NULL,NULL,NULL,NULL,NULL,NULL,NULL,NULL,NULL,NULL,NULL,NULL,NULL,NULL,NULL,NULL,NULL,NULL,NULL,NULL
"PNW District Wilsonville Event",AEMBOT,6443,red,1,1,NULL,NULL,NULL,loss,0,0,0,NULL,NULL,NULL,5418,73,5143,809,NULL,NULL,NULL,NULL,NULL,NULL,NULL,NULL,NULL,NULL,NULL,NULL,NULL,NULL,NULL,NULL,NULL,NULL,NULL,NULL,NULL
"PNW District Wilsonville Event","Knight Tech",5198,red,1,1,NULL,NULL,NULL,loss,0,0,0,NULL,NULL,NULL,5419,74,4017,810,NULL,NULL,NULL,NULL,NULL,NULL,NULL,NULL,NULL,NULL,NULL,NULL,NULL,NULL,NULL,NULL,NULL,NULL,NULL,NULL,NULL
"PNW District Wilsonville Event","Lake Monsters",2635,red,1,1,NULL,NULL,NULL,loss,0,0,0,NULL,NULL,NULL,5420,8,1766,811,0,0,0,0,0,4,0,1,0,0,0,0,0,0,0,0,0,0,0,0,0
"PNW District Wilsonville Event","2B Determined",7034,red,1,1,NULL,NULL,NULL,loss,0,0,0,NULL,NULL,NULL,5421,9,6111,812,0,0,0,0,1,0,0,1,0,0,0,0,0,0,0,0,0,0,0,0,0
"PNW District Wilsonville Event","Crusader Bots",2374,red,2,1,NULL,NULL,NULL,loss,0,0,0,NULL,NULL,NULL,5422,1,5754,739,0,0,0,1,0,0,0,1,0,0,0,0,0,1,0,0,0,0,0,0,0
"PNW District Wilsonville Event","CTEC Robotics",6445,red,2,1,NULL,NULL,NULL,loss,0,0,0,NULL,NULL,NULL,5423,10,5145,740,0,0,0,0,1,0,6,1,0,0,0,0,0,0,0,0,0,0,0,0,0
"PNW District Wilsonville Event",NerdHerd,4043,red,2,1,NULL,NULL,NULL,loss,0,0,0,NULL,NULL,NULL,5424,11,2951,741,0,0,0,0,0,0,1,1,0,0,0,0,0,0,0,0,0,0,0,0,0
"PNW District Wilsonville Event","Modern Americans",6442,red,2,1,NULL,NULL,NULL,loss,0,0,0,NULL,NULL,NULL,5425,12,5142,742,0,0,0,0,2,0,0,1,0,0,0,0,0,0,0,0,0,0,0,0,0
"PNW District Wilsonville Event","CV Robotics",955,red,2,1,NULL,NULL,NULL,loss,0,0,0,NULL,NULL,NULL,5426,13,736,743,0,0,0,0,0,0,1,1,0,0,0,0,0,0,0,0,0,0,0,0,0
"PNW District Wilsonville Event",LoggerBots,4127,red,2,1,NULL,NULL,NULL,loss,0,0,0,NULL,NULL,NULL,5427,14,3034,744,0,0,0,0,0,1,0,1,0,0,0,0,0,0,0,0,0,0,0,0,0
"PNW District Wilsonville Event","Cardinal Dynamics",6696,red,2,1,NULL,NULL,NULL,loss,0,0,0,NULL,NULL,NULL,5428,15,5394,745,0,0,0,0,0,0,3,1,0,0,0,0,0,0,0,0,0,0,0,0,0
"PNW District Wilsonville Event","Knight Tech",5198,red,2,1,NULL,NULL,NULL,loss,0,0,0,NULL,NULL,NULL,5429,16,4017,746,NULL,NULL,NULL,NULL,NULL,NULL,NULL,NULL,NULL,NULL,NULL,NULL,NULL,NULL,NULL,NULL,NULL,NULL,NULL,NULL,NULL
"PNW District Wilsonville Event","Flaming Chickens",1540,red,2,1,NULL,NULL,NULL,loss,0,0,0,NULL,NULL,NULL,5430,17,1234,747,0,0,0,0,1,1,4,0,0,0,0,0,0,0,0,0,0,0,0,0,0
"PNW District Wilsonville Event","Spartan Robotics",997,red,2,1,NULL,NULL,NULL,loss,0,0,0,NULL,NULL,NULL,5431,18,770,748,0,0,0,0,2,0,0,0,0,0,0,0,0,0,0,0,0,0,0,0,0
"PNW District Wilsonville Event",Hotwire,2990,red,2,1,NULL,NULL,NULL,loss,0,0,0,NULL,NULL,NULL,5432,19,2014,749,0,0,0,1,0,4,3,0,0,0,0,0,0,0,0,0,0,0,0,0,0
"PNW District Wilsonville Event","4-H Botsmiths",4309,red,2,1,NULL,NULL,NULL,loss,0,0,0,NULL,NULL,NULL,5433,2,3207,750,0,0,0,0,1,0,0,1,0,0,0,0,0,0,0,0,0,0,0,0,0
"PNW District Wilsonville Event","DEEP SPACE NINERS",4110,red,2,1,NULL,NULL,NULL,loss,0,0,0,NULL,NULL,NULL,5434,20,3017,751,0,0,0,0,0,0,1,0,0,0,0,0,0,0,0,0,0,0,0,0,0
"PNW District Wilsonville Event","Nerds of the North",568,red,2,1,NULL,NULL,NULL,loss,0,0,0,NULL,NULL,NULL,5435,21,448,752,0,0,0,0,0,1,1,0,2,0,0,0,0,0,0,0,0,0,0,0,0
"PNW District Wilsonville Event","Aldernating Current",5295,red,2,1,NULL,NULL,NULL,loss,0,0,0,NULL,NULL,NULL,5436,22,4113,753,0,0,0,0,1,0,4,0,0,0,0,0,0,0,0,0,0,0,0,0,0
"PNW District Wilsonville Event","Modern Americans",6442,red,2,1,NULL,NULL,NULL,loss,0,0,0,NULL,NULL,NULL,5437,23,5142,754,0,0,0,0,2,0,0,0,0,0,0,0,0,0,0,0,0,0,0,0,0
"PNW District Wilsonville Event",SWARM,957,red,2,1,NULL,NULL,NULL,loss,0,0,0,NULL,NULL,NULL,5438,24,738,755,0,0,0,0,4,8,0,0,0,0,0,0,0,0,0,0,0,0,0,0,0
"PNW District Wilsonville Event","Adna Pirate Robotics",5748,red,2,1,NULL,NULL,NULL,loss,0,0,0,NULL,NULL,NULL,5439,25,4517,756,0,0,0,0,0,0,1,0,0,0,0,0,0,0,0,0,0,0,0,0,0
"PNW District Wilsonville Event","Spartan Robotics",997,red,2,1,NULL,NULL,NULL,loss,0,0,0,NULL,NULL,NULL,5440,26,770,757,0,0,0,0,2,2,0,0,0,0,0,0,0,1,0,0,0,0,0,0,0
"PNW District Wilsonville Event",Shockwave,4488,red,2,1,NULL,NULL,NULL,loss,0,0,0,NULL,NULL,NULL,5441,27,3349,758,0,0,0,0,0,3,0,0,0,0,0,0,0,0,0,0,0,0,0,0,0
"PNW District Wilsonville Event","C.Y.B.O.R.G. Seagulls",3673,red,2,1,NULL,NULL,NULL,loss,0,0,0,NULL,NULL,NULL,5442,28,2628,759,0,0,0,0,2,0,0,0,0,1,0,0,0,2,0,0,0,0,0,0,0
"PNW District Wilsonville Event",SWARM,957,red,2,1,NULL,NULL,NULL,loss,0,0,0,NULL,NULL,NULL,5443,29,738,760,0,0,0,1,0,2,0,0,0,0,0,0,0,0,0,0,0,0,0,0,0
"PNW District Wilsonville Event","Steel Ridge Robotics",6343,red,2,1,NULL,NULL,NULL,loss,0,0,0,NULL,NULL,NULL,5444,3,5043,761,0,0,0,0,0,0,2,1,0,0,0,0,0,0,0,0,0,0,0,0,0
"PNW District Wilsonville Event","CV Robotics",955,red,2,1,NULL,NULL,NULL,loss,0,0,0,NULL,NULL,NULL,5445,30,736,762,0,0,0,0,0,0,3,0,0,0,0,0,0,0,0,0,0,0,0,0,0
"PNW District Wilsonville Event",Sabin-Sharks,4051,red,2,1,NULL,NULL,NULL,loss,0,0,0,NULL,NULL,NULL,5446,31,2959,763,0,0,0,0,0,0,0,0,0,0,0,0,0,0,0,0,0,0,0,0,0
"PNW District Wilsonville Event","Klamath Basin Robotics - STEAMPUNK ",4057,red,2,1,NULL,NULL,NULL,loss,0,0,0,NULL,NULL,NULL,5447,32,2965,764,0,0,0,0,0,0,0,0,0,1,0,0,0,0,0,0,0,0,0,0,0
"PNW District Wilsonville Event","Error Code Xero",1425,red,2,6,NULL,NULL,NULL,loss,0,0,0,NULL,NULL,NULL,5448,33,1136,765,0,0,0,0,2,4,1,0,0,1,0,0,0,0,0,0,0,0,0,0,0
"PNW District Wilsonville Event","Steel Ridge Robotics",6343,red,2,1,NULL,NULL,NULL,loss,0,0,0,NULL,NULL,NULL,5449,34,5043,766,0,0,0,0,1,0,4,0,0,0,0,0,0,0,0,0,0,0,0,0,0
"PNW District Wilsonville Event","Lake Monsters",2635,red,2,1,NULL,NULL,NULL,loss,0,0,0,NULL,NULL,NULL,5450,35,1766,767,0,0,0,0,0,4,0,0,0,0,0,0,0,0,0,0,0,0,0,0,0
"PNW District Wilsonville Event",Scalawags,1359,red,2,1,NULL,NULL,NULL,loss,0,0,0,NULL,NULL,NULL,5451,36,1078,768,0,0,0,0,1,2,0,0,0,0,0,0,0,1,0,0,0,0,0,0,0
"PNW District Wilsonville Event","CTEC Robotics",6445,red,2,1,NULL,NULL,NULL,loss,0,0,0,NULL,NULL,NULL,5452,37,5145,769,0,0,0,0,2,4,1,0,0,0,0,0,0,0,0,0,0,0,0,0,0
"PNW District Wilsonville Event",AEMBOT,6443,red,2,1,NULL,NULL,NULL,loss,0,0,0,NULL,NULL,NULL,5453,38,5143,770,0,0,0,0,0,1,0,0,0,0,0,0,0,0,0,0,0,0,0,0,0
"PNW District Wilsonville Event","High Desert Droids",753,red,2,1,NULL,NULL,NULL,loss,0,0,0,NULL,NULL,NULL,5454,39,585,771,0,0,0,1,0,1,0,0,0,0,0,0,0,2,0,0,0,0,0,0,0
"PNW District Wilsonville Event",Scotbots,4132,red,2,1,NULL,NULL,NULL,loss,0,0,0,NULL,NULL,NULL,5455,4,3039,772,0,0,0,0,0,0,1,1,0,0,0,0,0,0,0,0,0,0,0,0,0
"PNW District Wilsonville Event","Cardinal Dynamics",6696,red,2,1,NULL,NULL,NULL,loss,0,0,0,NULL,NULL,NULL,5456,40,5394,773,0,0,0,0,6,0,4,0,0,0,0,0,0,0,0,0,0,0,0,0,0
"PNW District Wilsonville Event","Team Mean Machine",2471,red,2,1,NULL,NULL,NULL,loss,0,0,0,NULL,NULL,NULL,5457,41,5845,774,NULL,NULL,NULL,NULL,NULL,NULL,NULL,NULL,NULL,NULL,NULL,NULL,NULL,NULL,NULL,NULL,NULL,NULL,NULL,NULL,NULL
"PNW District Wilsonville Event","2B Determined",7034,red,2,1,NULL,NULL,NULL,loss,0,0,0,NULL,NULL,NULL,5458,42,6111,775,NULL,NULL,NULL,NULL,NULL,NULL,NULL,NULL,NULL,NULL,NULL,NULL,NULL,NULL,NULL,NULL,NULL,NULL,NULL,NULL,NULL
"PNW District Wilsonville Event","Knight Tech",5198,red,2,1,NULL,NULL,NULL,loss,0,0,0,NULL,NULL,NULL,5459,43,4017,776,0,0,0,0,0,0,0,0,0,0,0,0,0,0,0,0,0,0,0,0,0
"PNW District Wilsonville Event","Aldernating Current",5295,red,2,1,NULL,NULL,NULL,loss,0,0,0,NULL,NULL,NULL,5460,44,4113,777,0,0,0,0,0,0,7,0,0,0,0,0,0,0,0,0,0,0,0,0,0
"PNW District Wilsonville Event","DEEP SPACE NINERS",4110,red,2,1,NULL,NULL,NULL,loss,0,0,0,NULL,NULL,NULL,5461,45,3017,778,0,0,0,0,2,0,0,0,0,0,0,0,0,0,0,0,0,0,0,0,0
"PNW District Wilsonville Event","Modern Americans",6442,red,2,1,NULL,NULL,NULL,loss,0,0,0,NULL,NULL,NULL,5462,46,5142,779,0,0,0,0,0,0,0,0,0,0,0,0,0,2,0,0,0,0,0,0,0
"PNW District Wilsonville Event",Shockwave,4488,red,2,1,NULL,NULL,NULL,loss,0,0,0,NULL,NULL,NULL,5463,47,3349,780,0,0,0,0,0,0,3,0,0,0,0,0,0,0,0,0,0,0,0,0,0
"PNW District Wilsonville Event","My Favorite Team",3024,red,2,1,NULL,NULL,NULL,loss,0,0,0,NULL,NULL,NULL,5464,48,2047,781,0,0,0,0,0,1,0,0,0,0,0,0,0,0,0,0,0,0,0,0,0
"PNW District Wilsonville Event","C.Y.B.O.R.G. Seagulls",3673,red,2,1,NULL,NULL,NULL,loss,0,0,0,NULL,NULL,NULL,5465,49,2628,782,0,0,0,0,0,0,2,0,0,1,0,0,0,0,0,0,0,0,0,0,0
"PNW District Wilsonville Event","River Bots",6845,red,2,1,NULL,NULL,NULL,loss,0,0,0,NULL,NULL,NULL,5466,5,5922,783,0,0,0,0,2,0,0,1,0,0,0,0,0,0,0,0,0,0,0,0,0
"PNW District Wilsonville Event","Cardinal Dynamics",6696,red,2,1,NULL,NULL,NULL,loss,0,0,0,NULL,NULL,NULL,5467,50,5394,784,0,0,0,0,4,0,6,0,0,0,0,0,0,0,0,0,0,0,0,0,0
"PNW District Wilsonville Event","River Bots",6845,red,2,1,NULL,NULL,NULL,loss,0,0,0,NULL,NULL,NULL,5468,51,5922,785,0,0,0,0,1,0,7,0,0,0,0,0,0,0,0,0,0,0,0,0,0
"PNW District Wilsonville Event","Steel Ridge Robotics",6343,red,2,1,NULL,NULL,NULL,loss,0,0,0,NULL,NULL,NULL,5469,52,5043,786,0,0,0,0,2,0,10,0,0,0,0,0,0,0,0,0,0,0,0,0,0
"PNW District Wilsonville Event",Scalawags,1359,red,2,1,NULL,NULL,NULL,loss,0,0,0,NULL,NULL,NULL,5470,53,1078,787,0,0,0,2,0,0,0,0,0,0,0,0,0,2,0,0,0,0,0,0,0
"PNW District Wilsonville Event",PHRED,847,red,2,1,NULL,NULL,NULL,loss,0,0,0,NULL,NULL,NULL,5471,54,645,788,0,0,0,2,0,1,0,0,0,0,0,0,0,1,0,0,0,0,0,0,0
"PNW District Wilsonville Event","Klamath Basin Robotics - STEAMPUNK ",4057,red,2,1,NULL,NULL,NULL,loss,0,0,0,NULL,NULL,NULL,5472,55,2965,789,NULL,NULL,NULL,NULL,NULL,NULL,NULL,NULL,NULL,NULL,NULL,NULL,NULL,NULL,NULL,NULL,NULL,NULL,NULL,NULL,NULL
"PNW District Wilsonville Event","Error Code Xero",1425,red,2,10,NULL,NULL,NULL,loss,0,0,0,NULL,NULL,NULL,5473,56,1136,790,0,0,0,1,0,5,0,0,0,0,0,0,0,0,0,0,0,0,0,0,0
"PNW District Wilsonville Event","Cardinal Dynamics",6696,red,2,1,NULL,NULL,NULL,loss,0,0,0,NULL,NULL,NULL,5474,57,5394,791,0,0,0,0,0,0,0,0,0,0,0,0,0,0,0,0,0,5,0,0,0
"PNW District Wilsonville Event","Lake Monsters",2635,red,2,1,NULL,NULL,NULL,loss,0,0,0,NULL,NULL,NULL,5475,58,1766,792,0,0,0,1,0,3,0,0,0,0,0,0,0,1,0,0,0,0,0,0,0
"PNW District Wilsonville Event","Error Code Xero",1425,red,2,1,NULL,NULL,NULL,loss,0,0,0,NULL,NULL,NULL,5476,59,1136,793,NULL,NULL,NULL,NULL,NULL,NULL,NULL,NULL,NULL,NULL,NULL,NULL,NULL,NULL,NULL,NULL,NULL,NULL,NULL,NULL,NULL
"PNW District Wilsonville Event",Hotwire,2990,red,2,1,NULL,NULL,NULL,loss,0,0,0,NULL,NULL,NULL,5477,6,2014,794,1,0,0,0,0,1,6,1,0,0,0,0,0,0,0,0,0,0,0,0,0
"PNW District Wilsonville Event","Spartan Robotics",997,red,2,1,NULL,NULL,NULL,loss,0,0,0,NULL,NULL,NULL,5478,60,770,795,NULL,NULL,NULL,NULL,NULL,NULL,NULL,NULL,NULL,NULL,NULL,NULL,NULL,NULL,NULL,NULL,NULL,NULL,NULL,NULL,NULL
"PNW District Wilsonville Event",Sabin-Sharks,4051,red,2,1,NULL,NULL,NULL,loss,0,0,0,NULL,NULL,NULL,5479,61,2959,796,NULL,NULL,NULL,NULL,NULL,NULL,NULL,NULL,NULL,NULL,NULL,NULL,NULL,NULL,NULL,NULL,NULL,NULL,NULL,NULL,NULL
"PNW District Wilsonville Event","Modern Americans",6442,red,2,1,NULL,NULL,NULL,loss,0,0,0,NULL,NULL,NULL,5480,62,5142,797,NULL,NULL,NULL,NULL,NULL,NULL,NULL,NULL,NULL,NULL,NULL,NULL,NULL,NULL,NULL,NULL,NULL,NULL,NULL,NULL,NULL
"PNW District Wilsonville Event","Aldernating Current",5295,red,2,1,NULL,NULL,NULL,loss,0,0,0,NULL,NULL,NULL,5481,63,4113,798,NULL,NULL,NULL,NULL,NULL,NULL,NULL,NULL,NULL,NULL,NULL,NULL,NULL,NULL,NULL,NULL,NULL,NULL,NULL,NULL,NULL
"PNW District Wilsonville Event",Scotbots,4132,red,2,1,NULL,NULL,NULL,loss,0,0,0,NULL,NULL,NULL,5482,64,3039,799,NULL,NULL,NULL,NULL,NULL,NULL,NULL,NULL,NULL,NULL,NULL,NULL,NULL,NULL,NULL,NULL,NULL,NULL,NULL,NULL,NULL
"PNW District Wilsonville Event","4-H Botsmiths",4309,red,2,1,NULL,NULL,NULL,loss,0,0,0,NULL,NULL,NULL,5483,65,3207,800,NULL,NULL,NULL,NULL,NULL,NULL,NULL,NULL,NULL,NULL,NULL,NULL,NULL,NULL,NULL,NULL,NULL,NULL,NULL,NULL,NULL
"PNW District Wilsonville Event",SERT,2521,red,2,1,NULL,NULL,NULL,loss,0,0,0,NULL,NULL,NULL,5484,66,1661,801,NULL,NULL,NULL,NULL,NULL,NULL,NULL,NULL,NULL,NULL,NULL,NULL,NULL,NULL,NULL,NULL,NULL,NULL,NULL,NULL,NULL
"PNW District Wilsonville Event","River Bots",6845,red,2,1,NULL,NULL,NULL,loss,0,0,0,NULL,NULL,NULL,5485,67,5922,802,NULL,NULL,NULL,NULL,NULL,NULL,NULL,NULL,NULL,NULL,NULL,NULL,NULL,NULL,NULL,NULL,NULL,NULL,NULL,NULL,NULL
"PNW District Wilsonville Event","Klamath Basin Robotics - STEAMPUNK ",4057,red,2,1,NULL,NULL,NULL,loss,0,0,0,NULL,NULL,NULL,5486,68,2965,803,NULL,NULL,NULL,NULL,NULL,NULL,NULL,NULL,NULL,NULL,NULL,NULL,NULL,NULL,NULL,NULL,NULL,NULL,NULL,NULL,NULL
"PNW District Wilsonville Event","Flaming Chickens",1540,red,2,1,NULL,NULL,NULL,loss,0,0,0,NULL,NULL,NULL,5487,69,1234,804,NULL,NULL,NULL,NULL,NULL,NULL,NULL,NULL,NULL,NULL,NULL,NULL,NULL,NULL,NULL,NULL,NULL,NULL,NULL,NULL,NULL
"PNW District Wilsonville Event","Crusader Bots",2374,red,2,1,NULL,NULL,NULL,loss,0,0,0,NULL,NULL,NULL,5488,7,5754,805,0,0,0,0,0,0,0,0,1,0,0,0,0,0,0,0,0,0,0,0,0
"PNW District Wilsonville Event","C.Y.B.O.R.G. Seagulls",3673,red,2,1,NULL,NULL,NULL,loss,0,0,0,NULL,NULL,NULL,5489,70,2628,806,NULL,NULL,NULL,NULL,NULL,NULL,NULL,NULL,NULL,NULL,NULL,NULL,NULL,NULL,NULL,NULL,NULL,NULL,NULL,NULL,NULL
"PNW District Wilsonville Event","Team Mean Machine",2471,red,2,1,NULL,NULL,NULL,loss,0,0,0,NULL,NULL,NULL,5490,71,5845,807,NULL,NULL,NULL,NULL,NULL,NULL,NULL,NULL,NULL,NULL,NULL,NULL,NULL,NULL,NULL,NULL,NULL,NULL,NULL,NULL,NULL
"PNW District Wilsonville Event",Scalawags,1359,red,2,1,NULL,NULL,NULL,loss,0,0,0,NULL,NULL,NULL,5491,72,1078,808,NULL,NULL,NULL,NULL,NULL,NULL,NULL,NULL,NULL,NULL,NULL,NULL,NULL,NULL,NULL,NULL,NULL,NULL,NULL,NULL,NULL
"PNW District Wilsonville Event","DEEP SPACE NINERS",4110,red,2,1,NULL,NULL,NULL,loss,0,0,0,NULL,NULL,NULL,5492,73,3017,809,NULL,NULL,NULL,NULL,NULL,NULL,NULL,NULL,NULL,NULL,NULL,NULL,NULL,NULL,NULL,NULL,NULL,NULL,NULL,NULL,NULL
"PNW District Wilsonville Event","Adna Pirate Robotics",5748,red,2,1,NULL,NULL,NULL,loss,0,0,0,NULL,NULL,NULL,5493,74,4517,810,NULL,NULL,NULL,NULL,NULL,NULL,NULL,NULL,NULL,NULL,NULL,NULL,NULL,NULL,NULL,NULL,NULL,NULL,NULL,NULL,NULL
"PNW District Wilsonville Event",Generals,3636,red,2,1,NULL,NULL,NULL,loss,0,0,0,NULL,NULL,NULL,5494,8,2592,811,NULL,NULL,NULL,NULL,NULL,NULL,NULL,NULL,NULL,NULL,NULL,NULL,NULL,NULL,NULL,NULL,NULL,NULL,NULL,NULL,NULL
"PNW District Wilsonville Event",AEMBOT,6443,red,2,1,NULL,NULL,NULL,loss,0,0,0,NULL,NULL,NULL,5495,9,5143,812,0,0,0,0,1,0,1,1,0,0,0,0,0,0,0,0,0,0,0,0,0
"PNW District Wilsonville Event","CTEC Robotics",6445,red,3,1,NULL,NULL,NULL,loss,0,0,0,NULL,NULL,NULL,5496,1,5145,739,0,0,0,0,1,1,0,1,0,0,0,0,0,1,0,0,0,0,0,0,0
"PNW District Wilsonville Event",Shockwave,4488,red,3,1,NULL,NULL,NULL,loss,0,0,0,NULL,NULL,NULL,5497,10,3349,740,0,0,0,0,0,2,0,1,0,0,0,0,0,0,0,0,0,0,0,0,0
"PNW District Wilsonville Event","Flaming Chickens",1540,red,3,1,NULL,NULL,NULL,loss,0,0,0,NULL,NULL,NULL,5498,11,1234,741,0,0,0,0,6,0,0,1,0,0,0,0,0,0,0,0,0,0,0,0,0
"PNW District Wilsonville Event","Rosemary Anderson H S/POIC",5977,red,3,1,NULL,NULL,NULL,loss,0,0,0,NULL,NULL,NULL,5499,12,4733,742,0,0,0,0,1,0,0,1,0,0,0,0,0,0,0,0,0,0,0,0,0
"PNW District Wilsonville Event",Scotbots,4132,red,3,1,NULL,NULL,NULL,loss,0,0,0,NULL,NULL,NULL,5500,13,3039,743,0,0,0,0,2,0,0,1,0,0,0,0,0,1,0,0,0,0,0,0,0
"PNW District Wilsonville Event","Steel Ridge Robotics",6343,red,3,1,NULL,NULL,NULL,loss,0,0,0,NULL,NULL,NULL,5501,14,5043,744,0,0,0,0,1,0,4,1,0,0,0,0,0,0,0,0,0,0,0,0,0
"PNW District Wilsonville Event","Nerds of the North",568,red,3,1,NULL,NULL,NULL,loss,0,0,0,NULL,NULL,NULL,5502,15,448,745,0,0,0,0,1,3,0,1,0,0,0,0,0,0,0,0,0,0,0,0,0
"PNW District Wilsonville Event","My Favorite Team",3024,red,3,1,NULL,NULL,NULL,loss,0,0,0,NULL,NULL,NULL,5503,16,2047,746,0,0,0,0,1,0,0,0,0,0,0,0,0,0,0,0,0,0,0,0,0
"PNW District Wilsonville Event","Crusader Bots",2374,red,3,1,NULL,NULL,NULL,loss,0,0,0,NULL,NULL,NULL,5504,17,5754,747,0,0,0,0,2,2,3,0,0,0,0,0,0,0,0,0,0,0,0,0,0
"PNW District Wilsonville Event","Team Mean Machine",2471,red,3,1,NULL,NULL,NULL,loss,0,0,0,NULL,NULL,NULL,5505,18,5845,748,0,0,0,0,1,2,0,0,0,0,0,0,0,2,0,0,0,0,0,0,0
"PNW District Wilsonville Event",LakerBots,5085,red,3,1,NULL,NULL,NULL,loss,0,0,0,NULL,NULL,NULL,5506,19,3904,749,0,0,0,0,0,0,5,0,0,0,0,0,0,0,0,0,0,0,0,0,0
"PNW District Wilsonville Event","CV Robotics",955,red,3,1,NULL,NULL,NULL,loss,0,0,0,NULL,NULL,NULL,5507,2,736,750,0,0,0,0,0,0,2,1,0,0,0,0,0,0,0,0,0,0,0,0,0
"PNW District Wilsonville Event","Flaming Chickens",1540,red,3,1,NULL,NULL,NULL,loss,0,0,0,NULL,NULL,NULL,5508,20,1234,751,0,0,0,1,0,5,0,0,0,0,0,0,0,0,0,0,0,0,0,0,0
"PNW District Wilsonville Event","Team Mean Machine",2471,red,3,1,NULL,NULL,NULL,loss,0,0,0,NULL,NULL,NULL,5509,21,5845,752,0,0,0,0,1,6,0,0,0,1,1,0,0,0,0,0,0,0,0,0,0
"PNW District Wilsonville Event","Knight Tech",5198,red,3,1,NULL,NULL,NULL,loss,0,0,0,NULL,NULL,NULL,5510,22,4017,753,NULL,NULL,NULL,NULL,NULL,NULL,NULL,NULL,NULL,NULL,NULL,NULL,NULL,NULL,NULL,NULL,NULL,NULL,NULL,NULL,NULL
"PNW District Wilsonville Event","Klamath Basin Robotics - STEAMPUNK ",4057,red,3,1,NULL,NULL,NULL,loss,0,0,0,NULL,NULL,NULL,5511,23,2965,754,1,0,0,0,0,1,0,0,0,0,0,0,0,0,0,0,0,0,0,0,0
"PNW District Wilsonville Event",Generals,3636,red,3,1,NULL,NULL,NULL,loss,0,0,0,NULL,NULL,NULL,5512,24,2592,755,NULL,NULL,NULL,NULL,NULL,NULL,NULL,NULL,NULL,NULL,NULL,NULL,NULL,NULL,NULL,NULL,NULL,NULL,NULL,NULL,NULL
"PNW District Wilsonville Event","Nerds of the North",568,red,3,1,NULL,NULL,NULL,loss,0,0,0,NULL,NULL,NULL,5513,25,448,756,0,0,0,0,0,1,0,0,0,0,0,0,0,0,0,0,0,0,0,0,0
"PNW District Wilsonville Event","Aldernating Current",5295,red,3,1,NULL,NULL,NULL,loss,0,0,0,NULL,NULL,NULL,5514,26,4113,757,0,0,0,0,2,0,0,0,0,0,0,0,0,0,0,0,0,0,0,0,0
"PNW District Wilsonville Event",LakerBots,5085,red,3,1,NULL,NULL,NULL,loss,0,0,0,NULL,NULL,NULL,5515,27,3904,758,0,0,0,0,0,0,4,0,1,0,0,0,0,0,0,0,0,0,0,0,0
"PNW District Wilsonville Event","Adna Pirate Robotics",5748,red,3,1,NULL,NULL,NULL,loss,0,0,0,NULL,NULL,NULL,5516,28,4517,759,0,0,0,0,1,0,0,0,0,0,0,0,0,0,0,0,0,0,0,0,0
"PNW District Wilsonville Event","DEEP SPACE NINERS",4110,red,3,1,NULL,NULL,NULL,loss,0,0,0,NULL,NULL,NULL,5517,29,3017,760,NULL,NULL,NULL,NULL,NULL,NULL,NULL,NULL,NULL,NULL,NULL,NULL,NULL,NULL,NULL,NULL,NULL,NULL,NULL,NULL,NULL
"PNW District Wilsonville Event",PHRED,847,red,3,1,NULL,NULL,NULL,loss,0,0,0,NULL,NULL,NULL,5518,3,645,761,0,0,0,0,1,1,0,1,0,0,0,0,0,0,0,0,0,0,0,0,0
"PNW District Wilsonville Event",AEMBOT,6443,red,3,1,NULL,NULL,NULL,loss,0,0,0,NULL,NULL,NULL,5519,30,5143,762,0,0,0,0,0,1,0,0,0,0,0,0,0,0,0,0,0,0,0,0,0
"PNW District Wilsonville Event","Modern Americans",6442,red,3,1,NULL,NULL,NULL,loss,0,0,0,NULL,NULL,NULL,5520,31,5142,763,0,0,0,0,2,0,0,0,0,0,0,0,0,0,0,0,0,0,0,0,0
"PNW District Wilsonville Event",Hotwire,2990,red,3,1,NULL,NULL,NULL,loss,0,0,0,NULL,NULL,NULL,5521,32,2014,764,0,0,0,1,3,5,1,0,0,0,0,0,0,0,0,0,0,0,0,0,0
"PNW District Wilsonville Event",NerdHerd,4043,red,3,1,NULL,NULL,NULL,loss,0,0,0,NULL,NULL,NULL,5522,33,2951,765,0,0,0,0,0,0,2,0,0,0,0,0,0,0,0,0,0,0,0,0,0
"PNW District Wilsonville Event","Adna Pirate Robotics",5748,red,3,1,NULL,NULL,NULL,loss,0,0,0,NULL,NULL,NULL,5523,34,4517,766,NULL,NULL,NULL,NULL,NULL,NULL,NULL,NULL,NULL,NULL,NULL,NULL,NULL,NULL,NULL,NULL,NULL,NULL,NULL,NULL,NULL
"PNW District Wilsonville Event","2B Determined",7034,red,3,1,NULL,NULL,NULL,loss,0,0,0,NULL,NULL,NULL,5524,35,6111,767,0,0,0,0,0,0,0,0,0,0,0,0,0,3,0,0,0,0,0,0,0
"PNW District Wilsonville Event",PHRED,847,red,3,1,NULL,NULL,NULL,loss,0,0,0,NULL,NULL,NULL,5525,36,645,768,0,0,0,0,1,1,0,0,0,0,0,0,0,0,0,0,0,0,0,0,0
"PNW District Wilsonville Event","CV Robotics",955,red,3,1,NULL,NULL,NULL,loss,0,0,0,NULL,NULL,NULL,5526,37,736,769,0,0,0,0,0,0,2,0,0,0,0,0,0,0,0,0,0,0,0,0,0
"PNW District Wilsonville Event",NerdHerd,4043,red,3,1,NULL,NULL,NULL,loss,0,0,0,NULL,NULL,NULL,5527,38,2951,770,0,0,0,0,1,0,3,0,0,0,0,0,0,0,0,0,0,0,0,0,0
"PNW District Wilsonville Event","Spartan Robotics",997,red,3,1,NULL,NULL,NULL,loss,0,0,0,NULL,NULL,NULL,5528,39,770,771,0,0,0,0,1,2,0,0,0,0,0,0,0,1,0,0,0,0,0,0,0
"PNW District Wilsonville Event","High Desert Droids",753,red,3,1,NULL,NULL,NULL,loss,0,0,0,NULL,NULL,NULL,5529,4,585,772,0,0,0,0,1,0,1,1,0,0,0,0,0,0,0,0,0,0,0,0,0
"PNW District Wilsonville Event","Rosemary Anderson H S/POIC",5977,red,3,1,NULL,NULL,NULL,loss,0,0,0,NULL,NULL,NULL,5530,40,4733,773,0,0,0,0,0,0,0,0,0,0,0,0,0,0,0,0,0,0,0,0,0
"PNW District Wilsonville Event",LoggerBots,4127,red,3,1,NULL,NULL,NULL,loss,0,0,0,NULL,NULL,NULL,5531,41,3034,774,0,0,0,0,0,0,-1,0,0,0,0,0,0,0,0,0,0,0,0,0,0
"PNW District Wilsonville Event","C.Y.B.O.R.G. Seagulls",3673,red,3,1,NULL,NULL,NULL,loss,0,0,0,NULL,NULL,NULL,5532,42,2628,775,0,0,0,0,1,0,3,0,0,0,0,0,0,0,0,0,0,0,0,0,0
"PNW District Wilsonville Event",Sabin-Sharks,4051,red,3,1,NULL,NULL,NULL,loss,0,0,0,NULL,NULL,NULL,5533,43,2959,776,NULL,NULL,NULL,NULL,NULL,NULL,NULL,NULL,NULL,NULL,NULL,NULL,NULL,NULL,NULL,NULL,NULL,NULL,NULL,NULL,NULL
"PNW District Wilsonville Event",AEMBOT,6443,red,3,1,NULL,NULL,NULL,loss,0,0,0,NULL,NULL,NULL,5534,44,5143,777,0,0,0,0,0,2,0,0,0,0,0,0,0,0,0,0,0,0,0,0,0
"PNW District Wilsonville Event","4-H Botsmiths",4309,red,3,1,NULL,NULL,NULL,loss,0,0,0,NULL,NULL,NULL,5535,45,3207,778,0,0,0,0,0,1,0,0,0,0,0,0,0,0,0,0,0,0,0,0,0
"PNW District Wilsonville Event",SWARM,957,red,3,1,NULL,NULL,NULL,loss,0,0,0,NULL,NULL,NULL,5536,46,738,779,0,0,0,1,0,1,0,0,0,0,0,0,0,4,0,0,0,0,0,0,0
"PNW District Wilsonville Event",Sabin-Sharks,4051,red,3,1,NULL,NULL,NULL,loss,0,0,0,NULL,NULL,NULL,5537,47,2959,780,0,0,0,0,0,0,1,0,0,0,0,0,0,0,0,0,0,0,0,0,0
"PNW District Wilsonville Event",SERT,2521,red,3,1,NULL,NULL,NULL,loss,0,0,0,NULL,NULL,NULL,5538,48,1661,781,NULL,NULL,NULL,NULL,NULL,NULL,NULL,NULL,NULL,NULL,NULL,NULL,NULL,NULL,NULL,NULL,NULL,NULL,NULL,NULL,NULL
"PNW District Wilsonville Event",Scalawags,1359,red,3,1,NULL,NULL,NULL,loss,0,0,0,NULL,NULL,NULL,5539,49,1078,782,NULL,NULL,NULL,NULL,NULL,NULL,NULL,NULL,NULL,NULL,NULL,NULL,NULL,NULL,NULL,NULL,NULL,NULL,NULL,NULL,NULL
"PNW District Wilsonville Event","DEEP SPACE NINERS",4110,red,3,1,NULL,NULL,NULL,loss,0,0,0,NULL,NULL,NULL,5540,5,3017,783,0,0,0,0,0,0,0,1,0,0,0,0,0,0,0,0,0,0,0,0,0
"PNW District Wilsonville Event","Modern Americans",6442,red,3,1,NULL,NULL,NULL,loss,0,0,0,NULL,NULL,NULL,5541,50,5142,784,NULL,NULL,NULL,NULL,NULL,NULL,NULL,NULL,NULL,NULL,NULL,NULL,NULL,NULL,NULL,NULL,NULL,NULL,NULL,NULL,NULL
"PNW District Wilsonville Event","Rosemary Anderson H S/POIC",5977,red,3,1,NULL,NULL,NULL,loss,0,0,0,NULL,NULL,NULL,5542,51,4733,785,0,0,0,0,3,0,0,0,0,0,0,0,0,0,0,0,0,0,0,0,0
"PNW District Wilsonville Event","Knight Tech",5198,red,3,1,NULL,NULL,NULL,loss,0,0,0,NULL,NULL,NULL,5543,52,4017,786,NULL,NULL,NULL,NULL,NULL,NULL,NULL,NULL,NULL,NULL,NULL,NULL,NULL,NULL,NULL,NULL,NULL,NULL,NULL,NULL,NULL
"PNW District Wilsonville Event",LakerBots,5085,red,3,1,NULL,NULL,NULL,loss,0,0,0,NULL,NULL,NULL,5544,53,3904,787,0,0,0,0,0,0,5,0,0,0,0,0,0,2,0,0,0,0,0,0,0
"PNW District Wilsonville Event","C.Y.B.O.R.G. Seagulls",3673,red,3,1,NULL,NULL,NULL,loss,0,0,0,NULL,NULL,NULL,5545,54,2628,788,0,0,0,0,0,0,0,0,0,1,0,0,0,0,0,0,0,0,0,0,0
"PNW District Wilsonville Event","My Favorite Team",3024,red,3,1,NULL,NULL,NULL,loss,0,0,0,NULL,NULL,NULL,5546,55,2047,789,0,0,0,1,0,0,4,0,0,0,0,0,0,0,0,0,0,0,0,0,0
"PNW District Wilsonville Event",Hotwire,2990,red,3,1,NULL,NULL,NULL,loss,0,0,0,NULL,NULL,NULL,5547,56,2014,790,0,0,0,1,0,0,0,0,0,0,0,0,0,6,0,0,0,0,0,0,0
"PNW District Wilsonville Event","Steel Ridge Robotics",6343,red,3,1,NULL,NULL,NULL,loss,0,0,0,NULL,NULL,NULL,5548,57,5043,791,0,0,0,0,2,0,3,0,0,0,0,0,0,1,0,0,0,0,0,0,0
"PNW District Wilsonville Event","CV Robotics",955,red,3,1,NULL,NULL,NULL,loss,0,0,0,NULL,NULL,NULL,5549,58,736,792,NULL,NULL,NULL,NULL,NULL,NULL,NULL,NULL,NULL,NULL,NULL,NULL,NULL,NULL,NULL,NULL,NULL,NULL,NULL,NULL,NULL
"PNW District Wilsonville Event",Generals,3636,red,3,1,NULL,NULL,NULL,loss,0,0,0,NULL,NULL,NULL,5550,59,2592,793,NULL,NULL,NULL,NULL,NULL,NULL,NULL,NULL,NULL,NULL,NULL,NULL,NULL,NULL,NULL,NULL,NULL,NULL,NULL,NULL,NULL
"PNW District Wilsonville Event","2B Determined",7034,red,3,1,NULL,NULL,NULL,loss,0,0,0,NULL,NULL,NULL,5551,6,6111,794,0,0,0,0,0,0,0,1,0,0,0,0,0,2,0,0,0,0,0,0,0
"PNW District Wilsonville Event","CTEC Robotics",6445,red,3,1,NULL,NULL,NULL,loss,0,0,0,NULL,NULL,NULL,5552,60,5145,795,NULL,NULL,NULL,NULL,NULL,NULL,NULL,NULL,NULL,NULL,NULL,NULL,NULL,NULL,NULL,NULL,NULL,NULL,NULL,NULL,NULL
"PNW District Wilsonville Event","Crusader Bots",2374,red,3,1,NULL,NULL,NULL,loss,0,0,0,NULL,NULL,NULL,5553,61,5754,796,NULL,NULL,NULL,NULL,NULL,NULL,NULL,NULL,NULL,NULL,NULL,NULL,NULL,NULL,NULL,NULL,NULL,NULL,NULL,NULL,NULL
"PNW District Wilsonville Event","Lake Monsters",2635,red,3,1,NULL,NULL,NULL,loss,0,0,0,NULL,NULL,NULL,5554,62,1766,797,NULL,NULL,NULL,NULL,NULL,NULL,NULL,NULL,NULL,NULL,NULL,NULL,NULL,NULL,NULL,NULL,NULL,NULL,NULL,NULL,NULL
"PNW District Wilsonville Event","Cardinal Dynamics",6696,red,3,1,NULL,NULL,NULL,loss,0,0,0,NULL,NULL,NULL,5555,63,5394,798,NULL,NULL,NULL,NULL,NULL,NULL,NULL,NULL,NULL,NULL,NULL,NULL,NULL,NULL,NULL,NULL,NULL,NULL,NULL,NULL,NULL
"PNW District Wilsonville Event",NerdHerd,4043,red,3,1,NULL,NULL,NULL,loss,0,0,0,NULL,NULL,NULL,5556,64,2951,799,NULL,NULL,NULL,NULL,NULL,NULL,NULL,NULL,NULL,NULL,NULL,NULL,NULL,NULL,NULL,NULL,NULL,NULL,NULL,NULL,NULL
"PNW District Wilsonville Event",AEMBOT,6443,red,3,1,NULL,NULL,NULL,loss,0,0,0,NULL,NULL,NULL,5557,65,5143,800,NULL,NULL,NULL,NULL,NULL,NULL,NULL,NULL,NULL,NULL,NULL,NULL,NULL,NULL,NULL,NULL,NULL,NULL,NULL,NULL,NULL
"PNW District Wilsonville Event","Spartan Robotics",997,red,3,1,NULL,NULL,NULL,loss,0,0,0,NULL,NULL,NULL,5558,66,770,801,NULL,NULL,NULL,NULL,NULL,NULL,NULL,NULL,NULL,NULL,NULL,NULL,NULL,NULL,NULL,NULL,NULL,NULL,NULL,NULL,NULL
"PNW District Wilsonville Event","Team Mean Machine",2471,red,3,1,NULL,NULL,NULL,loss,0,0,0,NULL,NULL,NULL,5559,67,5845,802,NULL,NULL,NULL,NULL,NULL,NULL,NULL,NULL,NULL,NULL,NULL,NULL,NULL,NULL,NULL,NULL,NULL,NULL,NULL,NULL,NULL
"PNW District Wilsonville Event",LakerBots,5085,red,3,1,NULL,NULL,NULL,loss,0,0,0,NULL,NULL,NULL,5560,68,3904,803,NULL,NULL,NULL,NULL,NULL,NULL,NULL,NULL,NULL,NULL,NULL,NULL,NULL,NULL,NULL,NULL,NULL,NULL,NULL,NULL,NULL
"PNW District Wilsonville Event",SERT,2521,red,3,1,NULL,NULL,NULL,loss,0,0,0,NULL,NULL,NULL,5561,69,1661,804,NULL,NULL,NULL,NULL,NULL,NULL,NULL,NULL,NULL,NULL,NULL,NULL,NULL,NULL,NULL,NULL,NULL,NULL,NULL,NULL,NULL
"PNW District Wilsonville Event","Klamath Basin Robotics - STEAMPUNK ",4057,red,3,1,NULL,NULL,NULL,loss,0,0,0,NULL,NULL,NULL,5562,7,2965,805,1,0,0,0,0,0,0,1,0,0,0,0,0,0,0,0,0,0,0,0,0
"PNW District Wilsonville Event",NerdHerd,4043,red,3,1,NULL,NULL,NULL,loss,0,0,0,NULL,NULL,NULL,5563,70,2951,806,NULL,NULL,NULL,NULL,NULL,NULL,NULL,NULL,NULL,NULL,NULL,NULL,NULL,NULL,NULL,NULL,NULL,NULL,NULL,NULL,NULL
"PNW District Wilsonville Event","2B Determined",7034,red,3,1,NULL,NULL,NULL,loss,0,0,0,NULL,NULL,NULL,5564,71,6111,807,NULL,NULL,NULL,NULL,NULL,NULL,NULL,NULL,NULL,NULL,NULL,NULL,NULL,NULL,NULL,NULL,NULL,NULL,NULL,NULL,NULL
"PNW District Wilsonville Event",Generals,3636,red,3,1,NULL,NULL,NULL,loss,0,0,0,NULL,NULL,NULL,5565,72,2592,808,NULL,NULL,NULL,NULL,NULL,NULL,NULL,NULL,NULL,NULL,NULL,NULL,NULL,NULL,NULL,NULL,NULL,NULL,NULL,NULL,NULL
"PNW District Wilsonville Event","Spartan Robotics",997,red,3,1,NULL,NULL,NULL,loss,0,0,0,NULL,NULL,NULL,5566,73,770,809,NULL,NULL,NULL,NULL,NULL,NULL,NULL,NULL,NULL,NULL,NULL,NULL,NULL,NULL,NULL,NULL,NULL,NULL,NULL,NULL,NULL
"PNW District Wilsonville Event","Klamath Basin Robotics - STEAMPUNK ",4057,red,3,1,NULL,NULL,NULL,loss,0,0,0,NULL,NULL,NULL,5567,74,2965,810,NULL,NULL,NULL,NULL,NULL,NULL,NULL,NULL,NULL,NULL,NULL,NULL,NULL,NULL,NULL,NULL,NULL,NULL,NULL,NULL,NULL
"PNW District Wilsonville Event",PHRED,847,red,3,1,NULL,NULL,NULL,loss,0,0,0,NULL,NULL,NULL,5568,8,645,811,0,0,0,0,0,0,0,0,0,1,0,0,0,0,0,0,0,0,0,0,0
"PNW District Wilsonville Event","Nerds of the North",568,red,3,1,NULL,NULL,NULL,loss,0,0,0,NULL,NULL,NULL,5569,9,448,812,0,0,0,0,1,0,0,1,0,0,0,0,0,0,0,0,0,0,0,0,0
"PNW District Wilsonville Event","Rosemary Anderson H S/POIC",5977,blue,1,1,NULL,NULL,NULL,loss,0,0,0,NULL,NULL,NULL,5570,1,4733,739,0,0,0,0,1,0,0,1,0,0,0,0,0,0,0,0,0,0,0,0,0
"PNW District Wilsonville Event","Aldernating Current",5295,blue,1,1,NULL,NULL,NULL,loss,0,0,0,NULL,NULL,NULL,5571,10,4113,740,NULL,NULL,NULL,NULL,NULL,NULL,NULL,NULL,NULL,NULL,NULL,NULL,NULL,NULL,NULL,NULL,NULL,NULL,NULL,NULL,NULL
"PNW District Wilsonville Event","Spartan Robotics",997,blue,1,1,NULL,NULL,NULL,loss,0,0,0,NULL,NULL,NULL,5572,11,770,741,0,0,0,0,1,5,0,1,0,0,0,0,0,0,0,0,0,0,0,0,0
"PNW District Wilsonville Event","C.Y.B.O.R.G. Seagulls",3673,blue,1,1,NULL,NULL,NULL,loss,0,0,0,NULL,NULL,NULL,5573,12,2628,742,0,0,0,0,2,0,0,1,0,0,0,0,0,1,0,0,0,0,0,0,0
"PNW District Wilsonville Event","Klamath Basin Robotics - STEAMPUNK ",4057,blue,1,1,NULL,NULL,NULL,loss,0,0,0,NULL,NULL,NULL,5574,13,2965,743,0,0,0,0,0,2,0,1,0,0,0,0,0,0,0,0,0,0,0,0,0
"PNW District Wilsonville Event",Generals,3636,blue,1,1,NULL,NULL,NULL,loss,0,0,0,NULL,NULL,NULL,5575,14,2592,744,0,0,0,0,0,0,0,1,0,0,0,0,0,0,0,0,0,0,0,0,0
"PNW District Wilsonville Event",PHRED,847,blue,1,1,NULL,NULL,NULL,loss,0,0,0,NULL,NULL,NULL,5576,15,645,745,0,0,0,0,0,1,0,1,0,0,0,0,0,0,0,0,0,0,0,0,0
"PNW District Wilsonville Event",AEMBOT,6443,blue,1,1,NULL,NULL,NULL,loss,0,0,0,NULL,NULL,NULL,5577,16,5143,746,0,0,0,0,0,0,1,0,1,0,0,0,0,0,0,0,0,0,0,0,0
"PNW District Wilsonville Event","Aldernating Current",5295,blue,1,1,NULL,NULL,NULL,loss,0,0,0,NULL,NULL,NULL,5578,17,4113,747,0,0,0,0,0,1,0,0,0,0,0,0,0,0,0,0,0,0,0,0,0
"PNW District Wilsonville Event",SERT,2521,blue,1,1,NULL,NULL,NULL,loss,0,0,0,NULL,NULL,NULL,5579,18,1661,748,0,0,0,1,1,1,0,0,0,1,0,0,0,0,0,0,0,0,0,0,0
"PNW District Wilsonville Event",NerdHerd,4043,blue,1,1,NULL,NULL,NULL,loss,0,0,0,NULL,NULL,NULL,5580,19,2951,749,0,0,0,0,0,1,0,0,0,0,0,0,0,0,0,0,0,0,0,0,0
"PNW District Wilsonville Event",LakerBots,5085,blue,1,1,NULL,NULL,NULL,loss,0,0,0,NULL,NULL,NULL,5581,2,3904,750,0,0,0,0,0,0,7,1,0,0,0,0,0,0,0,0,0,0,0,0,0
"PNW District Wilsonville Event","Lake Monsters",2635,blue,1,1,NULL,NULL,NULL,loss,0,0,0,NULL,NULL,NULL,5582,20,1766,751,0,0,0,1,0,3,0,0,0,0,0,0,0,0,0,0,0,0,0,0,0
"PNW District Wilsonville Event",Sabin-Sharks,4051,blue,1,1,NULL,NULL,NULL,loss,0,0,0,NULL,NULL,NULL,5583,21,2959,752,0,0,0,0,0,0,1,0,0,0,0,0,0,0,0,0,0,0,0,0,0
"PNW District Wilsonville Event","4-H Botsmiths",4309,blue,1,1,NULL,NULL,NULL,loss,0,0,0,NULL,NULL,NULL,5584,22,3207,753,0,0,0,0,1,2,0,0,0,0,0,0,0,0,0,0,0,0,0,0,0
"PNW District Wilsonville Event",Shockwave,4488,blue,1,1,NULL,NULL,NULL,loss,0,0,0,NULL,NULL,NULL,5585,23,3349,754,0,0,0,0,0,3,1,0,0,0,0,0,0,0,0,0,0,0,0,0,0
"PNW District Wilsonville Event","2B Determined",7034,blue,1,1,NULL,NULL,NULL,loss,0,0,0,NULL,NULL,NULL,5586,24,6111,755,0,0,0,0,0,0,0,0,0,1,0,0,0,3,0,0,0,0,0,0,0
"PNW District Wilsonville Event","Knight Tech",5198,blue,1,1,NULL,NULL,NULL,loss,0,0,0,NULL,NULL,NULL,5587,25,4017,756,NULL,NULL,NULL,NULL,NULL,NULL,NULL,NULL,NULL,NULL,NULL,NULL,NULL,NULL,NULL,NULL,NULL,NULL,NULL,NULL,NULL
"PNW District Wilsonville Event","Team Mean Machine",2471,blue,1,1,NULL,NULL,NULL,loss,0,0,0,NULL,NULL,NULL,5588,26,5845,757,1,0,0,0,0,4,3,0,0,1,2,0,0,0,0,0,0,0,0,0,0
"PNW District Wilsonville Event",Scalawags,1359,blue,1,1,NULL,NULL,NULL,loss,0,0,0,NULL,NULL,NULL,5589,27,1078,758,0,0,0,0,4,0,0,0,0,0,0,0,0,0,0,0,0,0,0,0,0
"PNW District Wilsonville Event",Hotwire,2990,blue,1,1,NULL,NULL,NULL,loss,0,0,0,NULL,NULL,NULL,5590,28,2014,759,0,0,0,1,3,2,1,0,0,0,0,0,0,0,0,0,0,0,0,0,0
"PNW District Wilsonville Event","Klamath Basin Robotics - STEAMPUNK ",4057,blue,1,1,NULL,NULL,NULL,loss,0,0,0,NULL,NULL,NULL,5591,29,2965,760,0,0,0,1,0,0,0,0,0,0,0,0,0,0,0,0,0,0,0,0,0
"PNW District Wilsonville Event",AEMBOT,6443,blue,1,1,NULL,NULL,NULL,loss,0,0,0,NULL,NULL,NULL,5592,3,5143,761,0,0,0,0,0,1,0,1,0,0,0,0,0,0,0,0,0,0,0,0,0
"PNW District Wilsonville Event","River Bots",6845,blue,1,1,NULL,NULL,NULL,loss,0,0,0,NULL,NULL,NULL,5593,30,5922,762,0,0,0,0,1,0,2,0,0,0,0,0,0,0,0,0,0,0,0,0,0
"PNW District Wilsonville Event","Steel Ridge Robotics",6343,blue,1,1,NULL,NULL,NULL,loss,0,0,0,NULL,NULL,NULL,5594,31,5043,763,0,0,0,0,1,0,4,0,0,0,0,0,0,0,0,0,0,0,0,0,0
"PNW District Wilsonville Event","Spartan Robotics",997,blue,1,1,NULL,NULL,NULL,loss,0,0,0,NULL,NULL,NULL,5595,32,770,764,0,0,0,0,0,2,0,0,0,0,0,0,0,0,0,0,0,0,0,0,0
"PNW District Wilsonville Event","Flaming Chickens",1540,blue,1,1,NULL,NULL,NULL,loss,0,0,0,NULL,NULL,NULL,5596,33,1234,765,0,0,0,1,0,4,0,0,0,0,0,0,0,0,0,0,0,0,0,0,0
"PNW District Wilsonville Event","My Favorite Team",3024,blue,1,1,NULL,NULL,NULL,loss,0,0,0,NULL,NULL,NULL,5597,34,2047,766,0,0,0,0,0,0,2,0,0,0,0,0,0,1,0,0,0,0,0,0,0
"PNW District Wilsonville Event","C.Y.B.O.R.G. Seagulls",3673,blue,1,1,NULL,NULL,NULL,loss,0,0,0,NULL,NULL,NULL,5598,35,2628,767,0,0,0,0,1,0,2,0,0,0,0,0,0,0,0,0,0,0,0,0,0
"PNW District Wilsonville Event","DEEP SPACE NINERS",4110,blue,1,1,NULL,NULL,NULL,loss,0,0,0,NULL,NULL,NULL,5599,36,3017,768,0,0,0,0,0,0,1,0,0,0,0,0,0,0,0,0,0,0,0,0,0
"PNW District Wilsonville Event","Modern Americans",6442,blue,1,1,NULL,NULL,NULL,loss,0,0,0,NULL,NULL,NULL,5600,37,5142,769,0,0,0,0,2,0,0,0,0,0,0,0,0,2,0,0,0,0,0,0,0
"PNW District Wilsonville Event",Shockwave,4488,blue,1,1,NULL,NULL,NULL,loss,0,0,0,NULL,NULL,NULL,5601,38,3349,770,0,0,0,0,0,2,3,0,0,0,0,0,0,0,0,0,0,0,0,0,0
"PNW District Wilsonville Event","DEEP SPACE NINERS",4110,blue,1,1,NULL,NULL,NULL,loss,0,0,0,NULL,NULL,NULL,5602,39,3017,771,0,0,0,0,0,0,2,0,0,0,0,0,0,0,0,0,0,0,0,0,0
"PNW District Wilsonville Event","Knight Tech",5198,blue,1,1,NULL,NULL,NULL,loss,0,0,0,NULL,NULL,NULL,5603,4,4017,772,0,0,0,0,0,0,0,1,0,0,0,0,0,0,0,0,0,0,0,0,0
"PNW District Wilsonville Event","Error Code Xero",1425,blue,1,7,NULL,NULL,NULL,loss,0,0,0,NULL,NULL,NULL,5604,40,1136,773,0,1,0,1,0,5,2,0,0,1,1,0,0,0,0,0,0,0,0,0,0
"PNW District Wilsonville Event","Klamath Basin Robotics - STEAMPUNK ",4057,blue,1,1,NULL,NULL,NULL,loss,0,0,0,NULL,NULL,NULL,5605,41,2965,774,0,0,0,1,0,0,0,0,0,0,0,0,0,0,0,0,0,0,0,0,0
"PNW District Wilsonville Event","CTEC Robotics",6445,blue,1,1,NULL,NULL,NULL,loss,0,0,0,NULL,NULL,NULL,5606,42,5145,775,0,0,0,0,0,2,8,0,0,0,0,0,0,1,0,0,0,0,0,0,0
"PNW District Wilsonville Event","Modern Americans",6442,blue,1,1,NULL,NULL,NULL,loss,0,0,0,NULL,NULL,NULL,5607,43,5142,776,0,0,0,0,2,0,0,0,0,0,0,0,0,0,0,0,0,0,0,0,0
"PNW District Wilsonville Event",Generals,3636,blue,1,1,NULL,NULL,NULL,loss,0,0,0,NULL,NULL,NULL,5608,44,2592,777,0,0,0,0,0,0,3,0,0,0,0,0,0,0,0,0,0,0,0,0,0
"PNW District Wilsonville Event","Adna Pirate Robotics",5748,blue,1,1,NULL,NULL,NULL,loss,0,0,0,NULL,NULL,NULL,5609,45,4517,778,NULL,NULL,NULL,NULL,NULL,NULL,NULL,NULL,NULL,NULL,NULL,NULL,NULL,NULL,NULL,NULL,NULL,NULL,NULL,NULL,NULL
"PNW District Wilsonville Event","Steel Ridge Robotics",6343,blue,1,1,NULL,NULL,NULL,loss,0,0,0,NULL,NULL,NULL,5610,46,5043,779,0,0,0,1,0,0,1,0,0,0,0,0,0,0,0,0,0,0,0,0,0
"PNW District Wilsonville Event","CTEC Robotics",6445,blue,1,1,NULL,NULL,NULL,loss,0,0,0,NULL,NULL,NULL,5611,47,5145,780,0,0,0,0,1,0,8,0,0,0,0,0,0,1,0,0,0,0,0,0,0
"PNW District Wilsonville Event","Crusader Bots",2374,blue,1,1,NULL,NULL,NULL,loss,0,0,0,NULL,NULL,NULL,5612,48,5754,781,0,0,0,0,0,3,0,0,0,0,0,0,0,1,0,0,0,0,0,0,0
"PNW District Wilsonville Event",NerdHerd,4043,blue,1,1,NULL,NULL,NULL,loss,0,0,0,NULL,NULL,NULL,5613,49,2951,782,0,0,0,0,0,0,5,0,0,0,0,0,0,0,0,0,0,0,0,0,0
"PNW District Wilsonville Event","Nerds of the North",568,blue,1,1,NULL,NULL,NULL,loss,0,0,0,NULL,NULL,NULL,5614,5,448,783,0,0,0,0,2,0,0,1,0,0,0,0,0,0,0,0,0,0,0,0,0
"PNW District Wilsonville Event","CV Robotics",955,blue,1,1,NULL,NULL,NULL,loss,0,0,0,NULL,NULL,NULL,5615,50,736,784,0,0,0,0,0,0,7,0,0,0,0,0,0,0,0,0,0,0,0,0,0
"PNW District Wilsonville Event","Spartan Robotics",997,blue,1,1,NULL,NULL,NULL,loss,0,0,0,NULL,NULL,NULL,5616,51,770,785,0,0,0,0,0,0,6,0,0,0,0,0,0,0,0,0,0,0,0,0,0
"PNW District Wilsonville Event","Team Mean Machine",2471,blue,1,1,NULL,NULL,NULL,loss,0,0,0,NULL,NULL,NULL,5617,52,5845,786,0,0,0,0,0,4,0,0,0,1,1,0,0,0,0,0,0,0,0,0,0
"PNW District Wilsonville Event",Hotwire,2990,blue,1,1,NULL,NULL,NULL,loss,0,0,0,NULL,NULL,NULL,5618,53,2014,787,0,0,0,1,0,2,6,0,0,0,0,0,0,0,0,0,0,0,0,0,0
"PNW District Wilsonville Event","CV Robotics",955,blue,1,1,NULL,NULL,NULL,loss,0,0,0,NULL,NULL,NULL,5619,54,736,788,NULL,NULL,NULL,NULL,NULL,NULL,NULL,NULL,NULL,NULL,NULL,NULL,NULL,NULL,NULL,NULL,NULL,NULL,NULL,NULL,NULL
"PNW District Wilsonville Event",Generals,3636,blue,1,1,NULL,NULL,NULL,loss,0,0,0,NULL,NULL,NULL,5620,55,2592,789,0,0,0,0,1,0,3,0,0,0,0,0,0,0,0,0,0,0,0,0,0
"PNW District Wilsonville Event",Sabin-Sharks,4051,blue,1,1,NULL,NULL,NULL,loss,0,0,0,NULL,NULL,NULL,5621,56,2959,790,NULL,NULL,NULL,NULL,NULL,NULL,NULL,NULL,NULL,NULL,NULL,NULL,NULL,NULL,NULL,NULL,NULL,NULL,NULL,NULL,NULL
"PNW District Wilsonville Event","Team Mean Machine",2471,blue,1,1,NULL,NULL,NULL,loss,0,0,0,NULL,NULL,NULL,5622,57,5845,791,0,0,0,0,1,2,2,0,0,1,1,0,0,0,0,0,0,0,0,0,0
"PNW District Wilsonville Event",NerdHerd,4043,blue,1,1,NULL,NULL,NULL,loss,0,0,0,NULL,NULL,NULL,5623,58,2951,792,0,0,0,0,0,0,4,0,0,0,0,0,0,0,0,0,0,0,0,0,0
"PNW District Wilsonville Event",LakerBots,5085,blue,1,1,NULL,NULL,NULL,loss,0,0,0,NULL,NULL,NULL,5624,59,3904,793,NULL,NULL,NULL,NULL,NULL,NULL,NULL,NULL,NULL,NULL,NULL,NULL,NULL,NULL,NULL,NULL,NULL,NULL,NULL,NULL,NULL
"PNW District Wilsonville Event","Cardinal Dynamics",6696,blue,1,1,NULL,NULL,NULL,loss,0,0,0,NULL,NULL,NULL,5625,6,5394,794,0,0,0,0,0,0,0,1,0,0,0,0,0,0,0,0,0,0,0,0,0
"PNW District Wilsonville Event","Nerds of the North",568,blue,1,1,NULL,NULL,NULL,loss,0,0,0,NULL,NULL,NULL,5626,60,448,795,NULL,NULL,NULL,NULL,NULL,NULL,NULL,NULL,NULL,NULL,NULL,NULL,NULL,NULL,NULL,NULL,NULL,NULL,NULL,NULL,NULL
"PNW District Wilsonville Event","Klamath Basin Robotics - STEAMPUNK ",4057,blue,1,1,NULL,NULL,NULL,loss,0,0,0,NULL,NULL,NULL,5627,61,2965,796,NULL,NULL,NULL,NULL,NULL,NULL,NULL,NULL,NULL,NULL,NULL,NULL,NULL,NULL,NULL,NULL,NULL,NULL,NULL,NULL,NULL
"PNW District Wilsonville Event",PHRED,847,blue,1,1,NULL,NULL,NULL,loss,0,0,0,NULL,NULL,NULL,5628,62,645,797,NULL,NULL,NULL,NULL,NULL,NULL,NULL,NULL,NULL,NULL,NULL,NULL,NULL,NULL,NULL,NULL,NULL,NULL,NULL,NULL,NULL
"PNW District Wilsonville Event",LoggerBots,4127,blue,1,1,NULL,NULL,NULL,loss,0,0,0,NULL,NULL,NULL,5629,63,3034,798,NULL,NULL,NULL,NULL,NULL,NULL,NULL,NULL,NULL,NULL,NULL,NULL,NULL,NULL,NULL,NULL,NULL,NULL,NULL,NULL,NULL
"PNW District Wilsonville Event","Crusader Bots",2374,blue,1,1,NULL,NULL,NULL,loss,0,0,0,NULL,NULL,NULL,5630,64,5754,799,NULL,NULL,NULL,NULL,NULL,NULL,NULL,NULL,NULL,NULL,NULL,NULL,NULL,NULL,NULL,NULL,NULL,NULL,NULL,NULL,NULL
"PNW District Wilsonville Event","Flaming Chickens",1540,blue,1,1,NULL,NULL,NULL,loss,0,0,0,NULL,NULL,NULL,5631,65,1234,800,NULL,NULL,NULL,NULL,NULL,NULL,NULL,NULL,NULL,NULL,NULL,NULL,NULL,NULL,NULL,NULL,NULL,NULL,NULL,NULL,NULL
"PNW District Wilsonville Event","CV Robotics",955,blue,1,1,NULL,NULL,NULL,loss,0,0,0,NULL,NULL,NULL,5632,66,736,801,NULL,NULL,NULL,NULL,NULL,NULL,NULL,NULL,NULL,NULL,NULL,NULL,NULL,NULL,NULL,NULL,NULL,NULL,NULL,NULL,NULL
"PNW District Wilsonville Event","Modern Americans",6442,blue,1,1,NULL,NULL,NULL,loss,0,0,0,NULL,NULL,NULL,5633,67,5142,802,NULL,NULL,NULL,NULL,NULL,NULL,NULL,NULL,NULL,NULL,NULL,NULL,NULL,NULL,NULL,NULL,NULL,NULL,NULL,NULL,NULL
"PNW District Wilsonville Event","Adna Pirate Robotics",5748,blue,1,1,NULL,NULL,NULL,loss,0,0,0,NULL,NULL,NULL,5634,68,4517,803,NULL,NULL,NULL,NULL,NULL,NULL,NULL,NULL,NULL,NULL,NULL,NULL,NULL,NULL,NULL,NULL,NULL,NULL,NULL,NULL,NULL
"PNW District Wilsonville Event","Steel Ridge Robotics",6343,blue,1,1,NULL,NULL,NULL,loss,0,0,0,NULL,NULL,NULL,5635,69,5043,804,NULL,NULL,NULL,NULL,NULL,NULL,NULL,NULL,NULL,NULL,NULL,NULL,NULL,NULL,NULL,NULL,NULL,NULL,NULL,NULL,NULL
"PNW District Wilsonville Event","Steel Ridge Robotics",6343,blue,1,1,NULL,NULL,NULL,loss,0,0,0,NULL,NULL,NULL,5636,7,5043,805,0,0,0,0,0,0,1,1,0,0,0,0,0,1,0,0,0,0,0,0,0
"PNW District Wilsonville Event","Modern Americans",6442,blue,1,1,NULL,NULL,NULL,loss,0,0,0,NULL,NULL,NULL,5637,70,5142,806,NULL,NULL,NULL,NULL,NULL,NULL,NULL,NULL,NULL,NULL,NULL,NULL,NULL,NULL,NULL,NULL,NULL,NULL,NULL,NULL,NULL
"PNW District Wilsonville Event","High Desert Droids",753,blue,1,1,NULL,NULL,NULL,loss,0,0,0,NULL,NULL,NULL,5638,71,585,807,NULL,NULL,NULL,NULL,NULL,NULL,NULL,NULL,NULL,NULL,NULL,NULL,NULL,NULL,NULL,NULL,NULL,NULL,NULL,NULL,NULL
"PNW District Wilsonville Event",SWARM,957,blue,1,1,NULL,NULL,NULL,loss,0,0,0,NULL,NULL,NULL,5639,72,738,808,NULL,NULL,NULL,NULL,NULL,NULL,NULL,NULL,NULL,NULL,NULL,NULL,NULL,NULL,NULL,NULL,NULL,NULL,NULL,NULL,NULL
"PNW District Wilsonville Event","Cardinal Dynamics",6696,blue,1,1,NULL,NULL,NULL,loss,0,0,0,NULL,NULL,NULL,5640,73,5394,809,NULL,NULL,NULL,NULL,NULL,NULL,NULL,NULL,NULL,NULL,NULL,NULL,NULL,NULL,NULL,NULL,NULL,NULL,NULL,NULL,NULL
"PNW District Wilsonville Event",Scotbots,4132,blue,1,1,NULL,NULL,NULL,loss,0,0,0,NULL,NULL,NULL,5641,74,3039,810,NULL,NULL,NULL,NULL,NULL,NULL,NULL,NULL,NULL,NULL,NULL,NULL,NULL,NULL,NULL,NULL,NULL,NULL,NULL,NULL,NULL
"PNW District Wilsonville Event","4-H Botsmiths",4309,blue,1,1,NULL,NULL,NULL,loss,0,0,0,NULL,NULL,NULL,5642,8,3207,811,0,0,0,0,0,1,0,1,0,0,0,0,0,0,0,0,0,0,0,0,0
"PNW District Wilsonville Event",Scalawags,1359,blue,1,1,NULL,NULL,NULL,loss,0,0,0,NULL,NULL,NULL,5643,9,1078,812,0,0,0,0,0,2,0,1,0,0,0,0,0,0,0,0,0,0,0,0,0
"PNW District Wilsonville Event","Klamath Basin Robotics - STEAMPUNK ",4057,blue,2,1,NULL,NULL,NULL,loss,0,0,0,NULL,NULL,NULL,5644,1,2965,739,1,0,0,0,0,1,0,1,0,0,0,0,0,0,0,0,0,0,0,0,0
"PNW District Wilsonville Event","High Desert Droids",753,blue,2,1,NULL,NULL,NULL,loss,0,0,0,NULL,NULL,NULL,5645,10,585,740,0,0,0,0,0,0,3,1,0,0,0,0,0,0,0,0,0,0,0,0,0
"PNW District Wilsonville Event","Knight Tech",5198,blue,2,1,NULL,NULL,NULL,loss,0,0,0,NULL,NULL,NULL,5646,11,4017,741,0,0,0,0,0,0,0,1,0,0,0,0,0,0,0,0,0,0,0,0,0
"PNW District Wilsonville Event",LakerBots,5085,blue,2,1,NULL,NULL,NULL,loss,0,0,0,NULL,NULL,NULL,5647,12,3904,742,0,0,0,0,1,0,2,1,0,0,0,0,0,0,0,0,0,0,0,0,0
"PNW District Wilsonville Event","2B Determined",7034,blue,2,1,NULL,NULL,NULL,loss,0,0,0,NULL,NULL,NULL,5648,13,6111,743,0,0,0,0,0,0,0,1,0,0,0,0,0,3,0,0,0,0,0,0,0
"PNW District Wilsonville Event","CTEC Robotics",6445,blue,2,1,NULL,NULL,NULL,loss,0,0,0,NULL,NULL,NULL,5649,14,5145,744,0,0,0,0,0,0,0,1,0,0,0,0,0,0,0,0,0,0,0,1,0
"PNW District Wilsonville Event",LakerBots,5085,blue,2,1,NULL,NULL,NULL,loss,0,0,0,NULL,NULL,NULL,5650,15,3904,745,0,0,0,0,0,0,9,1,0,0,0,0,0,0,0,0,0,0,0,0,0
"PNW District Wilsonville Event",SWARM,957,blue,2,1,NULL,NULL,NULL,loss,0,0,0,NULL,NULL,NULL,5651,16,738,746,1,0,0,0,0,0,0,0,0,0,0,0,0,0,0,0,0,0,0,0,0
"PNW District Wilsonville Event","C.Y.B.O.R.G. Seagulls",3673,blue,2,1,NULL,NULL,NULL,loss,0,0,0,NULL,NULL,NULL,5652,17,2628,747,0,0,0,0,1,0,0,0,0,0,0,0,0,0,0,0,0,0,0,0,0
"PNW District Wilsonville Event","Adna Pirate Robotics",5748,blue,2,1,NULL,NULL,NULL,loss,0,0,0,NULL,NULL,NULL,5653,18,4517,748,NULL,NULL,NULL,NULL,NULL,NULL,NULL,NULL,NULL,NULL,NULL,NULL,NULL,NULL,NULL,NULL,NULL,NULL,NULL,NULL,NULL
"PNW District Wilsonville Event","River Bots",6845,blue,2,1,NULL,NULL,NULL,loss,0,0,0,NULL,NULL,NULL,5654,19,5922,749,0,0,0,0,0,1,0,0,0,0,0,0,0,0,0,0,0,0,0,0,0
"PNW District Wilsonville Event","Flaming Chickens",1540,blue,2,1,NULL,NULL,NULL,loss,0,0,0,NULL,NULL,NULL,5655,2,1234,750,0,0,0,0,0,1,0,1,0,0,0,0,0,0,0,0,0,0,0,0,0
"PNW District Wilsonville Event","Crusader Bots",2374,blue,2,1,NULL,NULL,NULL,loss,0,0,0,NULL,NULL,NULL,5656,20,5754,751,0,0,0,0,0,3,0,0,0,0,0,0,0,1,0,0,0,0,0,0,0
"PNW District Wilsonville Event","Spartan Robotics",997,blue,2,1,NULL,NULL,NULL,loss,0,0,0,NULL,NULL,NULL,5657,21,770,752,0,0,0,0,1,0,2,0,0,0,0,0,0,0,0,0,0,0,0,0,0
"PNW District Wilsonville Event","High Desert Droids",753,blue,2,1,NULL,NULL,NULL,loss,0,0,0,NULL,NULL,NULL,5658,22,585,753,0,0,0,0,1,2,1,0,0,0,0,0,0,0,0,0,0,0,0,0,0
"PNW District Wilsonville Event",AEMBOT,6443,blue,2,1,NULL,NULL,NULL,loss,0,0,0,NULL,NULL,NULL,5659,23,5143,754,0,0,0,0,1,0,0,0,0,0,0,0,0,0,0,0,0,0,0,0,0
"PNW District Wilsonville Event","Rosemary Anderson H S/POIC",5977,blue,2,1,NULL,NULL,NULL,loss,0,0,0,NULL,NULL,NULL,5660,24,4733,755,0,0,0,0,1,0,0,0,0,0,0,0,0,0,0,0,0,0,0,0,0
"PNW District Wilsonville Event","CV Robotics",955,blue,2,1,NULL,NULL,NULL,loss,0,0,0,NULL,NULL,NULL,5661,25,736,756,0,0,0,0,0,0,2,0,0,0,0,0,0,0,0,0,0,0,0,0,0
"PNW District Wilsonville Event",NerdHerd,4043,blue,2,1,NULL,NULL,NULL,loss,0,0,0,NULL,NULL,NULL,5662,26,2951,757,0,0,0,0,1,0,0,0,1,0,0,0,0,0,0,0,0,0,0,0,0
"PNW District Wilsonville Event","High Desert Droids",753,blue,2,1,NULL,NULL,NULL,loss,0,0,0,NULL,NULL,NULL,5663,27,585,758,0,0,0,0,0,2,1,0,0,0,0,0,0,0,0,0,0,0,0,0,0
"PNW District Wilsonville Event","Crusader Bots",2374,blue,2,1,NULL,NULL,NULL,loss,0,0,0,NULL,NULL,NULL,5664,28,5754,759,0,0,0,0,0,1,0,0,0,0,0,0,0,1,0,0,0,0,0,0,0
"PNW District Wilsonville Event",PHRED,847,blue,2,1,NULL,NULL,NULL,loss,0,0,0,NULL,NULL,NULL,5665,29,645,760,0,0,0,0,2,3,0,0,0,0,0,0,0,0,0,0,0,0,0,0,0
"PNW District Wilsonville Event",Generals,3636,blue,2,1,NULL,NULL,NULL,loss,0,0,0,NULL,NULL,NULL,5666,3,2592,761,0,0,0,0,0,0,0,1,0,0,0,0,0,0,0,0,0,0,0,0,0
"PNW District Wilsonville Event","CTEC Robotics",6445,blue,2,1,NULL,NULL,NULL,loss,0,0,0,NULL,NULL,NULL,5667,30,5145,762,0,0,0,0,1,0,1,0,0,0,0,0,0,1,0,0,0,0,0,0,0
"PNW District Wilsonville Event","2B Determined",7034,blue,2,1,NULL,NULL,NULL,loss,0,0,0,NULL,NULL,NULL,5668,31,6111,763,0,0,0,0,0,0,0,0,0,0,0,0,0,1,0,0,0,0,0,0,0
"PNW District Wilsonville Event",LakerBots,5085,blue,2,1,NULL,NULL,NULL,loss,0,0,0,NULL,NULL,NULL,5669,32,3904,764,0,0,0,0,0,0,8,0,0,0,0,0,0,0,0,0,0,0,0,0,0
"PNW District Wilsonville Event",Generals,3636,blue,2,1,NULL,NULL,NULL,loss,0,0,0,NULL,NULL,NULL,5670,33,2592,765,0,0,0,0,0,0,1,0,0,0,0,0,0,0,0,0,0,0,0,0,0
"PNW District Wilsonville Event",LoggerBots,4127,blue,2,1,NULL,NULL,NULL,loss,0,0,0,NULL,NULL,NULL,5671,34,3034,766,0,0,0,0,0,1,1,0,0,0,0,0,0,0,0,0,0,0,0,0,0
"PNW District Wilsonville Event","Crusader Bots",2374,blue,2,1,NULL,NULL,NULL,loss,0,0,0,NULL,NULL,NULL,5672,35,5754,767,0,0,0,1,0,3,0,0,0,0,0,0,0,0,0,0,0,0,0,0,0
"PNW District Wilsonville Event","Rosemary Anderson H S/POIC",5977,blue,2,1,NULL,NULL,NULL,loss,0,0,0,NULL,NULL,NULL,5673,36,4733,768,0,0,0,0,1,0,0,0,0,0,0,0,0,0,0,0,0,0,0,0,0
"PNW District Wilsonville Event","Team Mean Machine",2471,blue,2,1,NULL,NULL,NULL,loss,0,0,0,NULL,NULL,NULL,5674,37,5845,769,1,0,0,0,0,6,3,0,0,1,0,0,0,0,0,0,0,0,0,0,0
"PNW District Wilsonville Event",SERT,2521,blue,2,1,NULL,NULL,NULL,loss,0,0,0,NULL,NULL,NULL,5675,38,1661,770,0,0,0,0,0,1,0,0,0,1,0,0,0,2,0,0,0,0,0,0,0
"PNW District Wilsonville Event",Generals,3636,blue,2,1,NULL,NULL,NULL,loss,0,0,0,NULL,NULL,NULL,5676,39,2592,771,0,0,0,0,0,0,0,0,0,0,0,0,0,1,0,0,0,0,0,0,0
"PNW District Wilsonville Event",LoggerBots,4127,blue,2,1,NULL,NULL,NULL,loss,0,0,0,NULL,NULL,NULL,5677,4,3034,772,0,0,0,0,1,1,1,1,0,0,0,0,0,0,0,0,0,0,0,0,0
"PNW District Wilsonville Event",Scotbots,4132,blue,2,1,NULL,NULL,NULL,loss,0,0,0,NULL,NULL,NULL,5678,40,3039,773,0,0,0,0,0,0,2,0,0,0,0,0,0,0,0,0,0,0,0,0,0
"PNW District Wilsonville Event","Nerds of the North",568,blue,2,1,NULL,NULL,NULL,loss,0,0,0,NULL,NULL,NULL,5679,41,448,774,0,0,0,0,0,1,0,0,0,0,0,0,0,0,0,0,0,0,0,0,0
"PNW District Wilsonville Event","Lake Monsters",2635,blue,2,1,NULL,NULL,NULL,loss,0,0,0,NULL,NULL,NULL,5680,42,1766,775,0,0,0,1,0,0,0,0,0,0,0,0,0,3,0,0,0,0,0,0,0
"PNW District Wilsonville Event",Hotwire,2990,blue,2,1,NULL,NULL,NULL,loss,0,0,0,NULL,NULL,NULL,5681,43,2014,776,0,0,0,1,0,2,8,0,0,0,0,0,0,0,0,0,0,0,0,0,0
"PNW District Wilsonville Event","Team Mean Machine",2471,blue,2,1,NULL,NULL,NULL,loss,0,0,0,NULL,NULL,NULL,5682,44,5845,777,0,0,0,2,0,4,3,0,0,2,1,0,0,0,0,0,0,0,0,0,0
"PNW District Wilsonville Event","Cardinal Dynamics",6696,blue,2,1,NULL,NULL,NULL,loss,0,0,0,NULL,NULL,NULL,5683,45,5394,778,0,0,0,1,1,0,4,0,0,0,0,0,0,2,0,0,0,0,0,0,0
"PNW District Wilsonville Event","Rosemary Anderson H S/POIC",5977,blue,2,1,NULL,NULL,NULL,loss,0,0,0,NULL,NULL,NULL,5684,46,4733,779,0,0,0,0,1,0,0,0,0,0,0,0,0,0,0,0,0,0,0,0,0
"PNW District Wilsonville Event",PHRED,847,blue,2,1,NULL,NULL,NULL,loss,0,0,0,NULL,NULL,NULL,5685,47,645,780,0,0,0,1,0,0,0,0,0,0,0,0,0,0,0,0,0,0,0,0,0
"PNW District Wilsonville Event","Knight Tech",5198,blue,2,1,NULL,NULL,NULL,loss,0,0,0,NULL,NULL,NULL,5686,48,4017,781,NULL,NULL,NULL,NULL,NULL,NULL,NULL,NULL,NULL,NULL,NULL,NULL,NULL,NULL,NULL,NULL,NULL,NULL,NULL,NULL,NULL
"PNW District Wilsonville Event","Nerds of the North",568,blue,2,1,NULL,NULL,NULL,loss,0,0,0,NULL,NULL,NULL,5687,49,448,782,0,0,0,0,1,0,0,0,0,0,0,0,0,0,0,0,0,0,0,0,0
"PNW District Wilsonville Event",Sabin-Sharks,4051,blue,2,1,NULL,NULL,NULL,loss,0,0,0,NULL,NULL,NULL,5688,5,2959,783,0,0,0,0,0,0,2,1,0,0,0,0,0,0,0,0,0,0,0,0,0
"PNW District Wilsonville Event","2B Determined",7034,blue,2,1,NULL,NULL,NULL,loss,0,0,0,NULL,NULL,NULL,5689,50,6111,784,0,0,0,0,0,0,0,0,0,1,0,0,0,3,0,0,0,0,0,0,0
"PNW District Wilsonville Event","4-H Botsmiths",4309,blue,2,1,NULL,NULL,NULL,loss,0,0,0,NULL,NULL,NULL,5690,51,3207,785,0,0,0,0,0,3,0,0,0,0,0,0,0,0,0,0,0,0,0,0,0
"PNW District Wilsonville Event","DEEP SPACE NINERS",4110,blue,2,1,NULL,NULL,NULL,loss,0,0,0,NULL,NULL,NULL,5691,52,3017,786,0,0,0,0,1,0,1,0,0,0,0,0,0,0,0,0,0,0,0,0,0
"PNW District Wilsonville Event","Lake Monsters",2635,blue,2,1,NULL,NULL,NULL,loss,0,0,0,NULL,NULL,NULL,5692,53,1766,787,0,0,0,0,0,1,0,0,0,0,0,0,0,2,0,0,0,0,0,0,0
"PNW District Wilsonville Event",NerdHerd,4043,blue,2,1,NULL,NULL,NULL,loss,0,0,0,NULL,NULL,NULL,5693,54,2951,788,0,0,0,0,0,0,1,0,0,0,0,0,0,0,0,0,0,0,0,0,0
"PNW District Wilsonville Event",Shockwave,4488,blue,2,1,NULL,NULL,NULL,loss,0,0,0,NULL,NULL,NULL,5694,55,3349,789,0,0,0,0,0,1,2,0,0,0,0,0,0,0,0,0,0,0,0,0,0
"PNW District Wilsonville Event",AEMBOT,6443,blue,2,1,NULL,NULL,NULL,loss,0,0,0,NULL,NULL,NULL,5695,56,5143,790,0,0,0,0,0,0,1,0,0,0,0,0,0,0,0,0,0,0,0,0,0
"PNW District Wilsonville Event",SWARM,957,blue,2,1,NULL,NULL,NULL,loss,0,0,0,NULL,NULL,NULL,5696,57,738,791,NULL,NULL,NULL,NULL,NULL,NULL,NULL,NULL,NULL,NULL,NULL,NULL,NULL,NULL,NULL,NULL,NULL,NULL,NULL,NULL,NULL
"PNW District Wilsonville Event","Rosemary Anderson H S/POIC",5977,blue,2,1,NULL,NULL,NULL,loss,0,0,0,NULL,NULL,NULL,5697,58,4733,792,NULL,NULL,NULL,NULL,NULL,NULL,NULL,NULL,NULL,NULL,NULL,NULL,NULL,NULL,NULL,NULL,NULL,NULL,NULL,NULL,NULL
"PNW District Wilsonville Event","Aldernating Current",5295,blue,2,1,NULL,NULL,NULL,loss,0,0,0,NULL,NULL,NULL,5698,59,4113,793,NULL,NULL,NULL,NULL,NULL,NULL,NULL,NULL,NULL,NULL,NULL,NULL,NULL,NULL,NULL,NULL,NULL,NULL,NULL,NULL,NULL
"PNW District Wilsonville Event",NerdHerd,4043,blue,2,1,NULL,NULL,NULL,loss,0,0,0,NULL,NULL,NULL,5699,6,2951,794,0,0,0,0,0,0,0,1,0,0,0,0,0,0,0,0,0,0,0,0,0
"PNW District Wilsonville Event",Scotbots,4132,blue,2,1,NULL,NULL,NULL,loss,0,0,0,NULL,NULL,NULL,5700,60,3039,795,NULL,NULL,NULL,NULL,NULL,NULL,NULL,NULL,NULL,NULL,NULL,NULL,NULL,NULL,NULL,NULL,NULL,NULL,NULL,NULL,NULL
"PNW District Wilsonville Event","Flaming Chickens",1540,blue,2,1,NULL,NULL,NULL,loss,0,0,0,NULL,NULL,NULL,5701,61,1234,796,NULL,NULL,NULL,NULL,NULL,NULL,NULL,NULL,NULL,NULL,NULL,NULL,NULL,NULL,NULL,NULL,NULL,NULL,NULL,NULL,NULL
"PNW District Wilsonville Event","My Favorite Team",3024,blue,2,1,NULL,NULL,NULL,loss,0,0,0,NULL,NULL,NULL,5702,62,2047,797,NULL,NULL,NULL,NULL,NULL,NULL,NULL,NULL,NULL,NULL,NULL,NULL,NULL,NULL,NULL,NULL,NULL,NULL,NULL,NULL,NULL
"PNW District Wilsonville Event","Nerds of the North",568,blue,2,1,NULL,NULL,NULL,loss,0,0,0,NULL,NULL,NULL,5703,63,448,798,NULL,NULL,NULL,NULL,NULL,NULL,NULL,NULL,NULL,NULL,NULL,NULL,NULL,NULL,NULL,NULL,NULL,NULL,NULL,NULL,NULL
"PNW District Wilsonville Event","Steel Ridge Robotics",6343,blue,2,1,NULL,NULL,NULL,loss,0,0,0,NULL,NULL,NULL,5704,64,5043,799,NULL,NULL,NULL,NULL,NULL,NULL,NULL,NULL,NULL,NULL,NULL,NULL,NULL,NULL,NULL,NULL,NULL,NULL,NULL,NULL,NULL
"PNW District Wilsonville Event",Scalawags,1359,blue,2,1,NULL,NULL,NULL,loss,0,0,0,NULL,NULL,NULL,5705,65,1078,800,NULL,NULL,NULL,NULL,NULL,NULL,NULL,NULL,NULL,NULL,NULL,NULL,NULL,NULL,NULL,NULL,NULL,NULL,NULL,NULL,NULL
"PNW District Wilsonville Event",PHRED,847,blue,2,1,NULL,NULL,NULL,loss,0,0,0,NULL,NULL,NULL,5706,66,645,801,NULL,NULL,NULL,NULL,NULL,NULL,NULL,NULL,NULL,NULL,NULL,NULL,NULL,NULL,NULL,NULL,NULL,NULL,NULL,NULL,NULL
"PNW District Wilsonville Event",Shockwave,4488,blue,2,1,NULL,NULL,NULL,loss,0,0,0,NULL,NULL,NULL,5707,67,3349,802,NULL,NULL,NULL,NULL,NULL,NULL,NULL,NULL,NULL,NULL,NULL,NULL,NULL,NULL,NULL,NULL,NULL,NULL,NULL,NULL,NULL
"PNW District Wilsonville Event","My Favorite Team",3024,blue,2,1,NULL,NULL,NULL,loss,0,0,0,NULL,NULL,NULL,5708,68,2047,803,NULL,NULL,NULL,NULL,NULL,NULL,NULL,NULL,NULL,NULL,NULL,NULL,NULL,NULL,NULL,NULL,NULL,NULL,NULL,NULL,NULL
"PNW District Wilsonville Event","Nerds of the North",568,blue,2,1,NULL,NULL,NULL,loss,0,0,0,NULL,NULL,NULL,5709,69,448,804,NULL,NULL,NULL,NULL,NULL,NULL,NULL,NULL,NULL,NULL,NULL,NULL,NULL,NULL,NULL,NULL,NULL,NULL,NULL,NULL,NULL
"PNW District Wilsonville Event",SERT,2521,blue,2,1,NULL,NULL,NULL,loss,0,0,0,NULL,NULL,NULL,5710,7,1661,805,0,0,0,0,0,0,0,1,0,0,0,0,0,0,0,0,0,0,0,0,0
"PNW District Wilsonville Event","Error Code Xero",1425,blue,2,1,NULL,NULL,NULL,loss,0,0,0,NULL,NULL,NULL,5711,70,1136,806,NULL,NULL,NULL,NULL,NULL,NULL,NULL,NULL,NULL,NULL,NULL,NULL,NULL,NULL,NULL,NULL,NULL,NULL,NULL,NULL,NULL
"PNW District Wilsonville Event",Hotwire,2990,blue,2,1,NULL,NULL,NULL,loss,0,0,0,NULL,NULL,NULL,5712,71,2014,807,NULL,NULL,NULL,NULL,NULL,NULL,NULL,NULL,NULL,NULL,NULL,NULL,NULL,NULL,NULL,NULL,NULL,NULL,NULL,NULL,NULL
"PNW District Wilsonville Event","My Favorite Team",3024,blue,2,1,NULL,NULL,NULL,loss,0,0,0,NULL,NULL,NULL,5713,72,2047,808,NULL,NULL,NULL,NULL,NULL,NULL,NULL,NULL,NULL,NULL,NULL,NULL,NULL,NULL,NULL,NULL,NULL,NULL,NULL,NULL,NULL
"PNW District Wilsonville Event",LakerBots,5085,blue,2,1,NULL,NULL,NULL,loss,0,0,0,NULL,NULL,NULL,5714,73,3904,809,NULL,NULL,NULL,NULL,NULL,NULL,NULL,NULL,NULL,NULL,NULL,NULL,NULL,NULL,NULL,NULL,NULL,NULL,NULL,NULL,NULL
"PNW District Wilsonville Event","River Bots",6845,blue,2,1,NULL,NULL,NULL,loss,0,0,0,NULL,NULL,NULL,5715,74,5922,810,NULL,NULL,NULL,NULL,NULL,NULL,NULL,NULL,NULL,NULL,NULL,NULL,NULL,NULL,NULL,NULL,NULL,NULL,NULL,NULL,NULL
"PNW District Wilsonville Event",LoggerBots,4127,blue,2,1,NULL,NULL,NULL,loss,0,0,0,NULL,NULL,NULL,5716,8,3034,811,0,0,0,0,0,0,0,1,0,0,0,0,0,0,0,0,0,0,0,0,1
"PNW District Wilsonville Event","Adna Pirate Robotics",5748,blue,2,1,NULL,NULL,NULL,loss,0,0,0,NULL,NULL,NULL,5717,9,4517,812,0,0,0,0,0,0,0,1,0,0,0,0,0,0,0,0,0,0,0,0,0
"PNW District Wilsonville Event",Scalawags,1359,blue,3,1,NULL,NULL,NULL,loss,0,0,0,NULL,NULL,NULL,5718,1,1078,739,0,0,0,0,2,0,0,1,0,0,0,0,0,0,0,0,0,0,0,0,0
"PNW District Wilsonville Event","Error Code Xero",1425,blue,3,2,NULL,NULL,NULL,loss,0,0,0,NULL,NULL,NULL,5719,10,1136,740,0,0,0,1,3,2,0,0,0,1,0,0,0,0,0,0,0,0,0,0,0
"PNW District Wilsonville Event","Cardinal Dynamics",6696,blue,3,1,NULL,NULL,NULL,loss,0,0,0,NULL,NULL,NULL,5720,11,5394,741,0,0,0,0,0,0,6,1,0,0,0,0,0,0,0,0,0,0,0,0,0
"PNW District Wilsonville Event","Team Mean Machine",2471,blue,3,1,NULL,NULL,NULL,loss,0,0,0,NULL,NULL,NULL,5721,12,5845,742,0,0,0,0,0,0,0,1,0,0,0,0,0,0,0,0,0,0,0,0,1
"PNW District Wilsonville Event","DEEP SPACE NINERS",4110,blue,3,1,NULL,NULL,NULL,loss,0,0,0,NULL,NULL,NULL,5722,13,3017,743,0,0,0,0,0,0,0,1,0,0,0,0,0,0,0,0,0,0,0,0,0
"PNW District Wilsonville Event",Sabin-Sharks,4051,blue,3,1,NULL,NULL,NULL,loss,0,0,0,NULL,NULL,NULL,5723,14,2959,744,0,0,0,0,1,0,0,1,0,0,0,0,0,0,0,0,0,0,0,0,0
"PNW District Wilsonville Event","River Bots",6845,blue,3,1,NULL,NULL,NULL,loss,0,0,0,NULL,NULL,NULL,5724,15,5922,745,0,0,0,0,1,3,0,1,0,0,0,0,0,0,0,0,0,0,0,0,0
"PNW District Wilsonville Event","Error Code Xero",1425,blue,3,3,NULL,NULL,NULL,loss,0,0,0,NULL,NULL,NULL,5725,16,1136,746,0,0,0,1,1,1,5,0,0,1,1,0,0,0,0,0,0,0,0,0,0
"PNW District Wilsonville Event","Modern Americans",6442,blue,3,1,NULL,NULL,NULL,loss,0,0,0,NULL,NULL,NULL,5726,17,5142,747,0,0,0,0,1,0,1,0,0,0,0,0,0,0,0,0,0,0,0,0,0
"PNW District Wilsonville Event","4-H Botsmiths",4309,blue,3,1,NULL,NULL,NULL,loss,0,0,0,NULL,NULL,NULL,5727,18,3207,748,NULL,NULL,NULL,NULL,NULL,NULL,NULL,NULL,NULL,NULL,NULL,NULL,NULL,NULL,NULL,NULL,NULL,NULL,NULL,NULL,NULL
"PNW District Wilsonville Event","Steel Ridge Robotics",6343,blue,3,1,NULL,NULL,NULL,loss,0,0,0,NULL,NULL,NULL,5728,19,5043,749,0,0,0,0,2,0,5,0,0,0,0,0,0,0,0,0,0,0,0,0,0
"PNW District Wilsonville Event","Lake Monsters",2635,blue,3,1,NULL,NULL,NULL,loss,0,0,0,NULL,NULL,NULL,5729,2,1766,750,0,0,0,0,2,1,0,1,0,0,0,0,0,0,0,0,0,0,0,0,0
"PNW District Wilsonville Event",Scotbots,4132,blue,3,1,NULL,NULL,NULL,loss,0,0,0,NULL,NULL,NULL,5730,20,3039,751,0,0,0,0,1,0,1,0,0,0,0,0,0,0,0,0,0,0,0,0,0
"PNW District Wilsonville Event","Error Code Xero",1425,blue,3,5,NULL,NULL,NULL,loss,0,0,0,NULL,NULL,NULL,5731,21,1136,752,0,0,0,2,0,14,0,0,0,0,0,0,0,0,0,0,0,0,0,0,0
"PNW District Wilsonville Event","Cardinal Dynamics",6696,blue,3,1,NULL,NULL,NULL,loss,0,0,0,NULL,NULL,NULL,5732,22,5394,753,NULL,NULL,NULL,NULL,NULL,NULL,NULL,NULL,NULL,NULL,NULL,NULL,NULL,NULL,NULL,NULL,NULL,NULL,NULL,NULL,NULL
"PNW District Wilsonville Event",Hotwire,2990,blue,3,1,NULL,NULL,NULL,loss,0,0,0,NULL,NULL,NULL,5733,23,2014,754,NULL,NULL,NULL,NULL,NULL,NULL,NULL,NULL,NULL,NULL,NULL,NULL,NULL,NULL,NULL,NULL,NULL,NULL,NULL,NULL,NULL
"PNW District Wilsonville Event","CTEC Robotics",6445,blue,3,1,NULL,NULL,NULL,loss,0,0,0,NULL,NULL,NULL,5734,24,5145,755,0,0,0,0,2,6,4,0,0,0,0,0,0,0,0,0,0,0,0,0,0
"PNW District Wilsonville Event","C.Y.B.O.R.G. Seagulls",3673,blue,3,1,NULL,NULL,NULL,loss,0,0,0,NULL,NULL,NULL,5735,25,2628,756,0,0,0,0,1,0,0,0,0,1,0,0,0,1,0,0,0,0,0,0,0
"PNW District Wilsonville Event","Lake Monsters",2635,blue,3,1,NULL,NULL,NULL,loss,0,0,0,NULL,NULL,NULL,5736,26,1766,757,0,0,0,0,2,0,0,0,0,0,0,0,0,0,0,0,0,0,0,0,0
"PNW District Wilsonville Event",LoggerBots,4127,blue,3,1,NULL,NULL,NULL,loss,0,0,0,NULL,NULL,NULL,5737,27,3034,758,0,0,0,0,1,0,0,0,0,0,0,0,0,0,0,0,0,0,0,0,0
"PNW District Wilsonville Event",Generals,3636,blue,3,1,NULL,NULL,NULL,loss,0,0,0,NULL,NULL,NULL,5738,28,2592,759,0,0,0,0,0,0,1,0,0,0,0,0,0,0,0,0,0,0,0,0,0
"PNW District Wilsonville Event",SERT,2521,blue,3,1,NULL,NULL,NULL,loss,0,0,0,NULL,NULL,NULL,5739,29,1661,760,NULL,NULL,NULL,NULL,NULL,NULL,NULL,NULL,NULL,NULL,NULL,NULL,NULL,NULL,NULL,NULL,NULL,NULL,NULL,NULL,NULL
"PNW District Wilsonville Event","Modern Americans",6442,blue,3,1,NULL,NULL,NULL,loss,0,0,0,NULL,NULL,NULL,5740,3,5142,761,0,0,0,0,1,0,1,1,0,0,0,0,0,0,0,0,0,0,0,0,0
"PNW District Wilsonville Event","My Favorite Team",3024,blue,3,1,NULL,NULL,NULL,loss,0,0,0,NULL,NULL,NULL,5741,30,2047,762,0,0,0,0,0,0,1,0,0,0,0,0,0,0,0,0,0,0,0,0,0
"PNW District Wilsonville Event",Scotbots,4132,blue,3,1,NULL,NULL,NULL,loss,0,0,0,NULL,NULL,NULL,5742,31,3039,763,0,0,0,0,0,0,0,0,0,0,0,0,0,1,0,0,0,0,0,0,0
"PNW District Wilsonville Event",SWARM,957,blue,3,1,NULL,NULL,NULL,loss,0,0,0,NULL,NULL,NULL,5743,32,738,764,0,0,0,1,0,1,0,0,0,0,0,0,0,4,0,0,0,0,0,0,0
"PNW District Wilsonville Event","River Bots",6845,blue,3,1,NULL,NULL,NULL,loss,0,0,0,NULL,NULL,NULL,5744,33,5922,765,0,0,0,0,0,1,0,0,0,0,0,0,0,0,0,0,0,0,0,0,0
"PNW District Wilsonville Event",AEMBOT,6443,blue,3,1,NULL,NULL,NULL,loss,0,0,0,NULL,NULL,NULL,5745,34,5143,766,0,0,0,0,0,1,1,0,0,0,0,0,0,0,0,0,0,0,0,0,0
"PNW District Wilsonville Event",Shockwave,4488,blue,3,1,NULL,NULL,NULL,loss,0,0,0,NULL,NULL,NULL,5746,35,3349,767,0,0,0,0,0,1,5,0,0,0,0,0,0,0,0,0,0,0,0,0,0
"PNW District Wilsonville Event","High Desert Droids",753,blue,3,1,NULL,NULL,NULL,loss,0,0,0,NULL,NULL,NULL,5747,36,585,768,0,0,0,0,1,0,1,0,0,0,0,0,0,0,0,0,0,0,0,0,0
"PNW District Wilsonville Event","Knight Tech",5198,blue,3,1,NULL,NULL,NULL,loss,0,0,0,NULL,NULL,NULL,5748,37,4017,769,NULL,NULL,NULL,NULL,NULL,NULL,NULL,NULL,NULL,NULL,NULL,NULL,NULL,NULL,NULL,NULL,NULL,NULL,NULL,NULL,NULL
"PNW District Wilsonville Event","Aldernating Current",5295,blue,3,1,NULL,NULL,NULL,loss,0,0,0,NULL,NULL,NULL,5749,38,4113,770,0,0,0,0,0,0,2,0,0,0,0,0,0,0,0,0,0,0,0,0,0
"PNW District Wilsonville Event","Steel Ridge Robotics",6343,blue,3,1,NULL,NULL,NULL,loss,0,0,0,NULL,NULL,NULL,5750,39,5043,771,0,0,0,0,4,0,1,0,0,0,0,0,0,2,0,0,0,0,0,0,0
"PNW District Wilsonville Event",SERT,2521,blue,3,1,NULL,NULL,NULL,loss,0,0,0,NULL,NULL,NULL,5751,4,1661,772,0,0,0,0,0,0,3,1,0,0,0,0,0,0,0,0,0,0,0,0,0
"PNW District Wilsonville Event","Flaming Chickens",1540,blue,3,1,NULL,NULL,NULL,loss,0,0,0,NULL,NULL,NULL,5752,40,1234,773,0,0,0,1,0,0,0,0,3,0,0,0,0,2,0,0,0,0,0,0,0
"PNW District Wilsonville Event",SWARM,957,blue,3,1,NULL,NULL,NULL,loss,0,0,0,NULL,NULL,NULL,5753,41,738,774,0,0,0,1,0,0,3,0,0,0,0,0,0,0,0,0,0,0,0,0,0
"PNW District Wilsonville Event","4-H Botsmiths",4309,blue,3,1,NULL,NULL,NULL,loss,0,0,0,NULL,NULL,NULL,5754,42,3207,775,0,0,0,0,0,0,0,0,0,1,0,0,0,0,0,0,0,0,0,0,0
"PNW District Wilsonville Event",Scalawags,1359,blue,3,1,NULL,NULL,NULL,loss,0,0,0,NULL,NULL,NULL,5755,43,1078,776,0,0,0,0,1,2,0,0,0,0,0,0,0,0,0,0,0,0,0,0,0
"PNW District Wilsonville Event","Klamath Basin Robotics - STEAMPUNK ",4057,blue,3,1,NULL,NULL,NULL,loss,0,0,0,NULL,NULL,NULL,5756,44,2965,777,0,0,0,1,0,0,0,0,1,0,0,0,0,0,0,0,0,0,0,0,0
"PNW District Wilsonville Event",LoggerBots,4127,blue,3,1,NULL,NULL,NULL,loss,0,0,0,NULL,NULL,NULL,5757,45,3034,778,0,0,0,0,0,0,0,0,0,0,0,0,0,0,0,0,0,0,0,0,0
"PNW District Wilsonville Event","Spartan Robotics",997,blue,3,1,NULL,NULL,NULL,loss,0,0,0,NULL,NULL,NULL,5758,46,770,779,0,0,0,0,3,0,3,0,0,0,0,0,0,0,0,0,0,0,0,0,0
"PNW District Wilsonville Event","Flaming Chickens",1540,blue,3,1,NULL,NULL,NULL,loss,0,0,0,NULL,NULL,NULL,5759,47,1234,780,0,0,0,1,1,5,0,0,0,0,0,0,0,0,0,0,0,0,0,0,0
"PNW District Wilsonville Event","River Bots",6845,blue,3,1,NULL,NULL,NULL,loss,0,0,0,NULL,NULL,NULL,5760,48,5922,781,0,0,0,0,1,1,0,0,0,0,0,0,0,0,0,0,0,0,0,0,0
"PNW District Wilsonville Event",Hotwire,2990,blue,3,1,NULL,NULL,NULL,loss,0,0,0,NULL,NULL,NULL,5761,49,2014,782,0,0,0,1,1,6,1,0,0,0,0,0,0,0,0,0,0,0,0,0,0
"PNW District Wilsonville Event","C.Y.B.O.R.G. Seagulls",3673,blue,3,1,NULL,NULL,NULL,loss,0,0,0,NULL,NULL,NULL,5762,5,2628,783,NULL,NULL,NULL,NULL,NULL,NULL,NULL,NULL,NULL,NULL,NULL,NULL,NULL,NULL,NULL,NULL,NULL,NULL,NULL,NULL,NULL
"PNW District Wilsonville Event","High Desert Droids",753,blue,3,1,NULL,NULL,NULL,loss,0,0,0,NULL,NULL,NULL,5763,50,585,784,0,0,0,0,1,1,3,0,0,0,0,0,0,0,0,0,0,0,0,0,0
"PNW District Wilsonville Event","Crusader Bots",2374,blue,3,1,NULL,NULL,NULL,loss,0,0,0,NULL,NULL,NULL,5764,51,5754,785,0,0,0,0,1,3,0,0,0,0,0,0,0,1,0,0,0,0,0,0,0
"PNW District Wilsonville Event","Adna Pirate Robotics",5748,blue,3,1,NULL,NULL,NULL,loss,0,0,0,NULL,NULL,NULL,5765,52,4517,786,NULL,NULL,NULL,NULL,NULL,NULL,NULL,NULL,NULL,NULL,NULL,NULL,NULL,NULL,NULL,NULL,NULL,NULL,NULL,NULL,NULL
"PNW District Wilsonville Event",SERT,2521,blue,3,1,NULL,NULL,NULL,loss,0,0,0,NULL,NULL,NULL,5766,53,1661,787,0,0,0,1,0,0,0,0,0,0,0,0,0,0,0,0,0,0,0,0,0
"PNW District Wilsonville Event","Aldernating Current",5295,blue,3,1,NULL,NULL,NULL,loss,0,0,0,NULL,NULL,NULL,5767,54,4113,788,0,0,0,0,0,0,6,0,0,0,0,0,0,0,0,0,0,0,0,0,0
"PNW District Wilsonville Event","Nerds of the North",568,blue,3,1,NULL,NULL,NULL,loss,0,0,0,NULL,NULL,NULL,5768,55,448,789,0,0,0,0,0,1,0,0,0,0,0,0,0,0,0,0,0,0,0,0,0
"PNW District Wilsonville Event","High Desert Droids",753,blue,3,1,NULL,NULL,NULL,loss,0,0,0,NULL,NULL,NULL,5769,56,585,790,0,0,0,1,0,1,0,0,0,0,0,0,0,0,0,0,0,0,0,0,0
"PNW District Wilsonville Event",Scalawags,1359,blue,3,1,NULL,NULL,NULL,loss,0,0,0,NULL,NULL,NULL,5770,57,1078,791,0,0,0,0,0,0,0,0,1,0,0,0,0,0,0,0,0,0,0,0,0
"PNW District Wilsonville Event",Shockwave,4488,blue,3,1,NULL,NULL,NULL,loss,0,0,0,NULL,NULL,NULL,5771,58,3349,792,0,0,0,0,0,0,3,0,0,0,0,0,0,0,0,0,0,0,0,0,0
"PNW District Wilsonville Event","Adna Pirate Robotics",5748,blue,3,1,NULL,NULL,NULL,loss,0,0,0,NULL,NULL,NULL,5772,59,4517,793,NULL,NULL,NULL,NULL,NULL,NULL,NULL,NULL,NULL,NULL,NULL,NULL,NULL,NULL,NULL,NULL,NULL,NULL,NULL,NULL,NULL
"PNW District Wilsonville Event","My Favorite Team",3024,blue,3,1,NULL,NULL,NULL,loss,0,0,0,NULL,NULL,NULL,5773,6,2047,794,0,0,0,0,3,0,0,1,0,0,0,0,0,0,0,0,0,0,0,0,0
"PNW District Wilsonville Event","Knight Tech",5198,blue,3,1,NULL,NULL,NULL,loss,0,0,0,NULL,NULL,NULL,5774,60,4017,795,NULL,NULL,NULL,NULL,NULL,NULL,NULL,NULL,NULL,NULL,NULL,NULL,NULL,NULL,NULL,NULL,NULL,NULL,NULL,NULL,NULL
"PNW District Wilsonville Event","4-H Botsmiths",4309,blue,3,1,NULL,NULL,NULL,loss,0,0,0,NULL,NULL,NULL,5775,61,3207,796,NULL,NULL,NULL,NULL,NULL,NULL,NULL,NULL,NULL,NULL,NULL,NULL,NULL,NULL,NULL,NULL,NULL,NULL,NULL,NULL,NULL
"PNW District Wilsonville Event","Error Code Xero",1425,blue,3,1,NULL,NULL,NULL,loss,0,0,0,NULL,NULL,NULL,5776,62,1136,797,NULL,NULL,NULL,NULL,NULL,NULL,NULL,NULL,NULL,NULL,NULL,NULL,NULL,NULL,NULL,NULL,NULL,NULL,NULL,NULL,NULL
"PNW District Wilsonville Event","Rosemary Anderson H S/POIC",5977,blue,3,1,NULL,NULL,NULL,loss,0,0,0,NULL,NULL,NULL,5777,63,4733,798,NULL,NULL,NULL,NULL,NULL,NULL,NULL,NULL,NULL,NULL,NULL,NULL,NULL,NULL,NULL,NULL,NULL,NULL,NULL,NULL,NULL
"PNW District Wilsonville Event",SWARM,957,blue,3,1,NULL,NULL,NULL,loss,0,0,0,NULL,NULL,NULL,5778,64,738,799,NULL,NULL,NULL,NULL,NULL,NULL,NULL,NULL,NULL,NULL,NULL,NULL,NULL,NULL,NULL,NULL,NULL,NULL,NULL,NULL,NULL
"PNW District Wilsonville Event","2B Determined",7034,blue,3,1,NULL,NULL,NULL,loss,0,0,0,NULL,NULL,NULL,5779,65,6111,800,NULL,NULL,NULL,NULL,NULL,NULL,NULL,NULL,NULL,NULL,NULL,NULL,NULL,NULL,NULL,NULL,NULL,NULL,NULL,NULL,NULL
"PNW District Wilsonville Event",Sabin-Sharks,4051,blue,3,1,NULL,NULL,NULL,loss,0,0,0,NULL,NULL,NULL,5780,66,2959,801,NULL,NULL,NULL,NULL,NULL,NULL,NULL,NULL,NULL,NULL,NULL,NULL,NULL,NULL,NULL,NULL,NULL,NULL,NULL,NULL,NULL
"PNW District Wilsonville Event","DEEP SPACE NINERS",4110,blue,3,1,NULL,NULL,NULL,loss,0,0,0,NULL,NULL,NULL,5781,67,3017,802,NULL,NULL,NULL,NULL,NULL,NULL,NULL,NULL,NULL,NULL,NULL,NULL,NULL,NULL,NULL,NULL,NULL,NULL,NULL,NULL,NULL
"PNW District Wilsonville Event","Lake Monsters",2635,blue,3,1,NULL,NULL,NULL,loss,0,0,0,NULL,NULL,NULL,5782,68,1766,803,NULL,NULL,NULL,NULL,NULL,NULL,NULL,NULL,NULL,NULL,NULL,NULL,NULL,NULL,NULL,NULL,NULL,NULL,NULL,NULL,NULL
"PNW District Wilsonville Event","Aldernating Current",5295,blue,3,1,NULL,NULL,NULL,loss,0,0,0,NULL,NULL,NULL,5783,69,4113,804,NULL,NULL,NULL,NULL,NULL,NULL,NULL,NULL,NULL,NULL,NULL,NULL,NULL,NULL,NULL,NULL,NULL,NULL,NULL,NULL,NULL
"PNW District Wilsonville Event","CV Robotics",955,blue,3,1,NULL,NULL,NULL,loss,0,0,0,NULL,NULL,NULL,5784,7,736,805,0,0,0,0,0,0,3,1,0,0,0,0,0,0,0,0,0,0,0,0,0
"PNW District Wilsonville Event",LoggerBots,4127,blue,3,1,NULL,NULL,NULL,loss,0,0,0,NULL,NULL,NULL,5785,70,3034,806,NULL,NULL,NULL,NULL,NULL,NULL,NULL,NULL,NULL,NULL,NULL,NULL,NULL,NULL,NULL,NULL,NULL,NULL,NULL,NULL,NULL
"PNW District Wilsonville Event",PHRED,847,blue,3,1,NULL,NULL,NULL,loss,0,0,0,NULL,NULL,NULL,5786,71,645,807,NULL,NULL,NULL,NULL,NULL,NULL,NULL,NULL,NULL,NULL,NULL,NULL,NULL,NULL,NULL,NULL,NULL,NULL,NULL,NULL,NULL
"PNW District Wilsonville Event",Sabin-Sharks,4051,blue,3,1,NULL,NULL,NULL,loss,0,0,0,NULL,NULL,NULL,5787,72,2959,808,NULL,NULL,NULL,NULL,NULL,NULL,NULL,NULL,NULL,NULL,NULL,NULL,NULL,NULL,NULL,NULL,NULL,NULL,NULL,NULL,NULL
"PNW District Wilsonville Event","CTEC Robotics",6445,blue,3,1,NULL,NULL,NULL,loss,0,0,0,NULL,NULL,NULL,5788,73,5145,809,NULL,NULL,NULL,NULL,NULL,NULL,NULL,NULL,NULL,NULL,NULL,NULL,NULL,NULL,NULL,NULL,NULL,NULL,NULL,NULL,NULL
"PNW District Wilsonville Event",Shockwave,4488,blue,3,1,NULL,NULL,NULL,loss,0,0,0,NULL,NULL,NULL,5789,74,3349,810,NULL,NULL,NULL,NULL,NULL,NULL,NULL,NULL,NULL,NULL,NULL,NULL,NULL,NULL,NULL,NULL,NULL,NULL,NULL,NULL,NULL
"PNW District Wilsonville Event","River Bots",6845,blue,3,1,NULL,NULL,NULL,loss,0,0,0,NULL,NULL,NULL,5790,8,5922,811,0,0,0,1,0,0,2,1,0,0,0,0,0,0,0,0,0,0,0,0,0
"PNW District Wilsonville Event",Scotbots,4132,blue,3,1,NULL,NULL,NULL,loss,0,0,0,NULL,NULL,NULL,5791,9,3039,812,0,0,0,0,3,0,0,1,0,0,0,0,0,0,0,0,0,0,0,0,0
